candidate_id,candidate_file_sha256,work_id,source_edition_id,translation_source_id,book,segment_index,target_paragraph,proposed_source_start_ref,proposed_source_end_ref,proposed_source_line_count,review_decision,reviewed_source_start_ref,reviewed_source_end_ref,reviewer,reviewed_at,review_notes,source_text,target_text,review_status,paper_facing_eligible,analysis_status
homer-iliad-grc-monro-allen-perseus--homer-iliad-en-butler-pg2199--book-02--segment-001,7a46a811b333f9638d310754b0e77a4da58d28b60963710ddce3ec25d5eb1d1c,homer-iliad,homer-iliad-grc-monro-allen-perseus,homer-iliad-en-butler-pg2199,2,1,1,2.1,2.14,14,,,,,,,"ἄλλοι μέν ῥα θεοί τε καὶ ἀνέρες ἱπποκορυσταὶ
εὗδον παννύχιοι, Δία δʼ οὐκ ἔχε νήδυμος ὕπνος,
ἀλλʼ ὅ γε μερμήριζε κατὰ φρένα ὡς Ἀχιλῆα
τιμήσῃ, ὀλέσῃ δὲ πολέας ἐπὶ νηυσὶν Ἀχαιῶν.
ἥδε δέ οἱ κατὰ θυμὸν ἀρίστη φαίνετο βουλή,
πέμψαι ἐπʼ Ἀτρεΐδῃ Ἀγαμέμνονι οὖλον ὄνειρον·
καί μιν φωνήσας ἔπεα πτερόεντα προσηύδα·
βάσκʼ ἴθι οὖλε ὄνειρε θοὰς ἐπὶ νῆας Ἀχαιῶν·
ἐλθὼν ἐς κλισίην Ἀγαμέμνονος Ἀτρεΐδαο
πάντα μάλʼ ἀτρεκέως ἀγορευέμεν ὡς ἐπιτέλλω·
θωρῆξαί ἑ κέλευε κάρη κομόωντας Ἀχαιοὺς
πανσυδίῃ· νῦν γάρ κεν ἕλοι πόλιν εὐρυάγυιαν
Τρώων· οὐ γὰρ ἔτʼ ἀμφὶς Ὀλύμπια δώματʼ ἔχοντες
ἀθάνατοι φράζονται· ἐπέγναμψεν γὰρ ἅπαντας","Now the other gods and the armed warriors on the plain slept
      soundly, but Jove was wakeful, for he was thinking how to do
      honour to Achilles, and destroyed much people at the ships of the
      Achaeans. In the end he deemed it would be best to send a lying
      dream to King Agamemnon; so he called one to him and said to it,
      “Lying Dream, go to the ships of the Achaeans, into the tent of
      Agamemnon, and say to him word for word as I now bid you. Tell
      him to get the Achaeans instantly under arms, for he shall take
      Troy. There are no longer divided counsels among the gods; Juno
      has brought them to her own mind, and woe betides the Trojans.”",pending_human_review,no,excluded_until_completed_review
homer-iliad-grc-monro-allen-perseus--homer-iliad-en-butler-pg2199--book-02--segment-002,7a46a811b333f9638d310754b0e77a4da58d28b60963710ddce3ec25d5eb1d1c,homer-iliad,homer-iliad-grc-monro-allen-perseus,homer-iliad-en-butler-pg2199,2,2,2,2.15,2.20,6,,,,,,,"Ἥρη λισσομένη, Τρώεσσι δὲ κήδεʼ ἐφῆπται.
ὣς φάτο, βῆ δʼ ἄρʼ ὄνειρος ἐπεὶ τὸν μῦθον ἄκουσε·
καρπαλίμως δʼ ἵκανε θοὰς ἐπὶ νῆας Ἀχαιῶν,
βῆ δʼ ἄρʼ ἐπʼ Ἀτρεΐδην Ἀγαμέμνονα· τὸν δὲ κίχανεν
εὕδοντʼ ἐν κλισίῃ, περὶ δʼ ἀμβρόσιος κέχυθʼ ὕπνος.
στῆ δʼ ἄρʼ ὑπὲρ κεφαλῆς Νηληΐῳ υἷι ἐοικώς","The dream went when it had heard its message, and soon reached
      the ships of the Achaeans. It sought Agamemnon son of Atreus and
      found him in his tent, wrapped in a profound slumber. It hovered
      over his head in the likeness of Nestor, son of Neleus, whom
      Agamemnon honoured above all his councillors, and said:—",pending_human_review,no,excluded_until_completed_review
homer-iliad-grc-monro-allen-perseus--homer-iliad-en-butler-pg2199--book-02--segment-003,7a46a811b333f9638d310754b0e77a4da58d28b60963710ddce3ec25d5eb1d1c,homer-iliad,homer-iliad-grc-monro-allen-perseus,homer-iliad-en-butler-pg2199,2,3,3,2.21,2.32,12,,,,,,,"Νέστορι, τόν ῥα μάλιστα γερόντων τῖʼ Ἀγαμέμνων·
τῷ μιν ἐεισάμενος προσεφώνεε θεῖος ὄνειρος·
εὕδεις Ἀτρέος υἱὲ δαΐφρονος ἱπποδάμοιο·
οὐ χρὴ παννύχιον εὕδειν βουληφόρον ἄνδρα
ᾧ λαοί τʼ ἐπιτετράφαται καὶ τόσσα μέμηλε·
νῦν δʼ ἐμέθεν ξύνες ὦκα· Διὸς δέ τοι ἄγγελός εἰμι,
ὃς σεῦ ἄνευθεν ἐὼν μέγα κήδεται ἠδʼ ἐλεαίρει.
θωρῆξαί σε κέλευσε κάρη κομόωντας Ἀχαιοὺς
πανσυδίῃ· νῦν γάρ κεν ἕλοις πόλιν εὐρυάγυιαν
Τρώων· οὐ γὰρ ἔτʼ ἀμφὶς Ὀλύμπια δώματʼ ἔχοντες
ἀθάνατοι φράζονται· ἐπέγναμψεν γὰρ ἅπαντας
Ἥρη λισσομένη, Τρώεσσι δὲ κήδεʼ ἐφῆπται","“You are sleeping, son of Atreus; one who has the welfare of his
      host and so much other care upon his shoulders should dock his
      sleep. Hear me at once, for I come as a messenger from Jove, who,
      though he be not near, yet takes thought for you and pities you.
      He bids you get the Achaeans instantly under arms, for you shall
      take Troy. There are no longer divided counsels among the gods;
      Juno has brought them over to her own mind, and woe betides the
      Trojans at the hands of Jove. Remember this, and when you wake
      see that it does not escape you.”",pending_human_review,no,excluded_until_completed_review
homer-iliad-grc-monro-allen-perseus--homer-iliad-en-butler-pg2199--book-02--segment-004,7a46a811b333f9638d310754b0e77a4da58d28b60963710ddce3ec25d5eb1d1c,homer-iliad,homer-iliad-grc-monro-allen-perseus,homer-iliad-en-butler-pg2199,2,4,4,2.33,2.46,14,,,,,,,"ἐκ Διός· ἀλλὰ σὺ σῇσιν ἔχε φρεσί, μηδέ σε λήθη
αἱρείτω εὖτʼ ἄν σε μελίφρων ὕπνος ἀνήῃ.
ὣς ἄρα φωνήσας ἀπεβήσετο, τὸν δὲ λίπʼ αὐτοῦ
τὰ φρονέοντʼ ἀνὰ θυμὸν ἅ ῥʼ οὐ τελέεσθαι ἔμελλον·
φῆ γὰρ ὅ γʼ αἱρήσειν Πριάμου πόλιν ἤματι κείνῳ
νήπιος, οὐδὲ τὰ ᾔδη ἅ ῥα Ζεὺς μήδετο ἔργα·
θήσειν γὰρ ἔτʼ ἔμελλεν ἐπʼ ἄλγεά τε στοναχάς τε
Τρωσί τε καὶ Δαναοῖσι διὰ κρατερὰς ὑσμίνας.
ἔγρετο δʼ ἐξ ὕπνου, θείη δέ μιν ἀμφέχυτʼ ὀμφή·
ἕζετο δʼ ὀρθωθείς, μαλακὸν δʼ ἔνδυνε χιτῶνα
καλὸν νηγάτεον, περὶ δὲ μέγα βάλλετο φᾶρος·
ποσσὶ δʼ ὑπὸ λιπαροῖσιν ἐδήσατο καλὰ πέδιλα,
ἀμφὶ δʼ ἄρʼ ὤμοισιν βάλετο ξίφος ἀργυρόηλον·
εἵλετο δὲ σκῆπτρον πατρώϊον ἄφθιτον αἰεὶ","The dream then left him, and he thought of things that were
      surely not to be accomplished. He thought that on that same day
      he was to take the city of Priam, but he little knew what was in
      the mind of Jove, who had many another hard-fought fight in store
      alike for Danaans and Trojans. Then presently he woke, with the
      divine message still ringing in his ears; so he sat upright, and
      put on his soft shirt so fair and new, and over this his heavy
      cloak. He bound his sandals on to his comely feet, and slung his
      silver-studded sword about his shoulders; then he took the
      imperishable staff of his father, and sallied forth to the ships
      of the Achaeans.",pending_human_review,no,excluded_until_completed_review
homer-iliad-grc-monro-allen-perseus--homer-iliad-en-butler-pg2199--book-02--segment-005,7a46a811b333f9638d310754b0e77a4da58d28b60963710ddce3ec25d5eb1d1c,homer-iliad,homer-iliad-grc-monro-allen-perseus,homer-iliad-en-butler-pg2199,2,5,5,2.47,2.54,8,,,,,,,"σὺν τῷ ἔβη κατὰ νῆας Ἀχαιῶν χαλκοχιτώνων·
ἠὼς μέν ῥα θεὰ προσεβήσετο μακρὸν Ὄλυμπον
Ζηνὶ φόως ἐρέουσα καὶ ἄλλοις ἀθανάτοισιν·
αὐτὰρ ὃ κηρύκεσσι λιγυφθόγγοισι κέλευσε
κηρύσσειν ἀγορὴν δὲ κάρη κομόωντας Ἀχαιούς·
οἳ μὲν ἐκήρυσσον, τοὶ δʼ ἠγείροντο μάλʼ ὦκα·
βουλὴν δὲ πρῶτον μεγαθύμων ἷζε γερόντων
Νεστορέῃ παρὰ νηῒ Πυλοιγενέος βασιλῆος·","The goddess Dawn now wended her way to vast Olympus that she
      might herald day to Jove and to the other immortals, and
      Agamemnon sent the criers round to call the people in assembly;
      so they called them and the people gathered thereon. But first he
      summoned a meeting of the elders at the ship of Nestor king of
      Pylos, and when they were assembled he laid a cunning counsel
      before them.",pending_human_review,no,excluded_until_completed_review
homer-iliad-grc-monro-allen-perseus--homer-iliad-en-butler-pg2199--book-02--segment-006,7a46a811b333f9638d310754b0e77a4da58d28b60963710ddce3ec25d5eb1d1c,homer-iliad,homer-iliad-grc-monro-allen-perseus,homer-iliad-en-butler-pg2199,2,6,6,2.55,2.74,20,,,,,,,"τοὺς ὅ γε συγκαλέσας πυκινὴν ἀρτύνετο βουλήν·
κλῦτε φίλοι· θεῖός μοι ἐνύπνιον ἦλθεν ὄνειρος
ἀμβροσίην διὰ νύκτα· μάλιστα δὲ Νέστορι δίῳ
εἶδός τε μέγεθός τε φυήν τʼ ἄγχιστα ἐῴκει·
στῆ δʼ ἄρʼ ὑπὲρ κεφαλῆς καί με πρὸς μῦθον ἔειπεν·
εὕδεις Ἀτρέος υἱὲ δαΐφρονος ἱπποδάμοιο·
οὐ χρὴ παννύχιον εὕδειν βουληφόρον ἄνδρα,
ᾧ λαοί τʼ ἐπιτετράφαται καὶ τόσσα μέμηλε·
νῦν δʼ ἐμέθεν ξύνες ὦκα· Διὸς δέ τοι ἄγγελός εἰμι,
ὃς σεῦ ἄνευθεν ἐὼν μέγα κήδεται ἠδʼ ἐλεαίρει·
θωρῆξαί σε κέλευσε κάρη κομόωντας Ἀχαιοὺς
πανσυδίῃ· νῦν γάρ κεν ἕλοις πόλιν εὐρυάγυιαν
Τρώων· οὐ γὰρ ἔτʼ ἀμφὶς Ὀλύμπια δώματʼ ἔχοντες
ἀθάνατοι φράζονται· ἐπέγναμψεν γὰρ ἅπαντας
Ἥρη λισσομένη, Τρώεσσι δὲ κήδεʼ ἐφῆπται
ἐκ Διός· ἀλλὰ σὺ σῇσιν ἔχε φρεσίν· ὣς ὃ μὲν εἰπὼν
ᾤχετʼ ἀποπτάμενος, ἐμὲ δὲ γλυκὺς ὕπνος ἀνῆκεν.
ἀλλʼ ἄγετʼ αἴ κέν πως θωρήξομεν υἷας Ἀχαιῶν·
πρῶτα δʼ ἐγὼν ἔπεσιν πειρήσομαι, ἣ θέμις ἐστί,
καὶ φεύγειν σὺν νηυσὶ πολυκλήϊσι κελεύσω·","“My friends,” said he, “I have had a dream from heaven in the
      dead of night, and its face and figure resembled none but
      Nestor’s. It hovered over my head and said, ‘You are sleeping,
      son of Atreus; one who has the welfare of his host and so much
      other care upon his shoulders should dock his sleep. Hear me at
      once, for I am a messenger from Jove, who, though he be not near,
      yet takes thought for you and pities you. He bids you get the
      Achaeans instantly under arms, for you shall take Troy. There are
      no longer divided counsels among the gods; Juno has brought them
      over to her own mind, and woe betides the Trojans at the hands of
      Jove. Remember this.’ The dream then vanished and I awoke. Let us
      now, therefore, arm the sons of the Achaeans. But it will be well
      that I should first sound them, and to this end I will tell them
      to fly with their ships; but do you others go about among the
      host and prevent their doing so.”",pending_human_review,no,excluded_until_completed_review
homer-iliad-grc-monro-allen-perseus--homer-iliad-en-butler-pg2199--book-02--segment-007,7a46a811b333f9638d310754b0e77a4da58d28b60963710ddce3ec25d5eb1d1c,homer-iliad,homer-iliad-grc-monro-allen-perseus,homer-iliad-en-butler-pg2199,2,7,7,2.75,2.82,8,,,,,,,"ὑμεῖς δʼ ἄλλοθεν ἄλλος ἐρητύειν ἐπέεσσιν.
ἤτοι ὅ γʼ ὣς εἰπὼν κατʼ ἄρʼ ἕζετο, τοῖσι δʼ ἀνέστη
Νέστωρ, ὅς ῥα Πύλοιο ἄναξ ἦν ἠμαθόεντος,
ὅ σφιν ἐὺ φρονέων ἀγορήσατο καὶ μετέειπεν·
ὦ φίλοι Ἀργείων ἡγήτορες ἠδὲ μέδοντες
εἰ μέν τις τὸν ὄνειρον Ἀχαιῶν ἄλλος ἔνισπε
ψεῦδός κεν φαῖμεν καὶ νοσφιζοίμεθα μᾶλλον·
νῦν δʼ ἴδεν ὃς μέγʼ ἄριστος Ἀχαιῶν εὔχεται εἶναι·","He then sat down, and Nestor the prince of Pylos with all
      sincerity and goodwill addressed them thus: “My friends,” said
      he, “princes and councillors of the Argives, if any other man of
      the Achaeans had told us of this dream we should have declared it
      false, and would have had nothing to do with it. But he who has
      seen it is the foremost man among us; we must therefore set about
      getting the people under arms.”",pending_human_review,no,excluded_until_completed_review
homer-iliad-grc-monro-allen-perseus--homer-iliad-en-butler-pg2199--book-02--segment-008,7a46a811b333f9638d310754b0e77a4da58d28b60963710ddce3ec25d5eb1d1c,homer-iliad,homer-iliad-grc-monro-allen-perseus,homer-iliad-en-butler-pg2199,2,8,8,2.83,2.109,27,,,,,,,"ἀλλʼ ἄγετʼ αἴ κέν πως θωρήξομεν υἷας Ἀχαιῶν.
ὣς ἄρα φωνήσας βουλῆς ἐξῆρχε νέεσθαι,
οἳ δʼ ἐπανέστησαν πείθοντό τε ποιμένι λαῶν
σκηπτοῦχοι βασιλῆες· ἐπεσσεύοντο δὲ λαοί.
ἠΰτε ἔθνεα εἶσι μελισσάων ἁδινάων
πέτρης ἐκ γλαφυρῆς αἰεὶ νέον ἐρχομενάων,
βοτρυδὸν δὲ πέτονται ἐπʼ ἄνθεσιν εἰαρινοῖσιν·
αἳ μέν τʼ ἔνθα ἅλις πεποτήαται, αἳ δέ τε ἔνθα·
ὣς τῶν ἔθνεα πολλὰ νεῶν ἄπο καὶ κλισιάων
ἠϊόνος προπάροιθε βαθείης ἐστιχόωντο
ἰλαδὸν εἰς ἀγορήν· μετὰ δέ σφισιν ὄσσα δεδήει
ὀτρύνουσʼ ἰέναι Διὸς ἄγγελος· οἳ δʼ ἀγέροντο.
τετρήχει δʼ ἀγορή, ὑπὸ δὲ στεναχίζετο γαῖα
λαῶν ἱζόντων, ὅμαδος δʼ ἦν· ἐννέα δέ σφεας
κήρυκες βοόωντες ἐρήτυον, εἴ ποτʼ ἀϋτῆς
σχοίατʼ, ἀκούσειαν δὲ διοτρεφέων βασιλήων.
σπουδῇ δʼ ἕζετο λαός, ἐρήτυθεν δὲ καθʼ ἕδρας
παυσάμενοι κλαγγῆς· ἀνὰ δὲ κρείων Ἀγαμέμνων
ἔστη σκῆπτρον ἔχων τὸ μὲν Ἥφαιστος κάμε τεύχων.
Ἥφαιστος μὲν δῶκε Διὶ Κρονίωνι ἄνακτι,
αὐτὰρ ἄρα Ζεὺς δῶκε διακτόρῳ ἀργεϊφόντῃ·
Ἑρμείας δὲ ἄναξ δῶκεν Πέλοπι πληξίππῳ,
αὐτὰρ ὃ αὖτε Πέλοψ δῶκʼ Ἀτρέϊ ποιμένι λαῶν,
Ἀτρεὺς δὲ θνῄσκων ἔλιπεν πολύαρνι Θυέστῃ,
αὐτὰρ ὃ αὖτε Θυέστʼ Ἀγαμέμνονι λεῖπε φορῆναι,
πολλῇσιν νήσοισι καὶ Ἄργεϊ παντὶ ἀνάσσειν.
τῷ ὅ γʼ ἐρεισάμενος ἔπεʼ Ἀργείοισι μετηύδα·","With this he led the way from the assembly, and the other
      sceptred kings rose with him in obedience to the word of
      Agamemnon; but the people pressed forward to hear. They swarmed
      like bees that sally from some hollow cave and flit in countless
      throng among the spring flowers, bunched in knots and clusters;
      even so did the mighty multitude pour from ships and tents to the
      assembly, and range themselves upon the wide-watered shore, while
      among them ran Wildfire Rumour, messenger of Jove, urging them
      ever to the fore. Thus they gathered in a pell-mell of mad
      confusion, and the earth groaned under the tramp of men as the
      people sought their places. Nine heralds went crying about among
      them to stay their tumult and bid them listen to the kings, till
      at last they were got into their several places and ceased their
      clamour. Then King Agamemnon rose, holding his sceptre. This was
      the work of Vulcan, who gave it to Jove the son of Saturn. Jove
      gave it to Mercury, slayer of Argus, guide and guardian. King
      Mercury gave it to Pelops, the mighty charioteer, and Pelops to
      Atreus, shepherd of his people. Atreus, when he died, left it to
      Thyestes, rich in flocks, and Thyestes in his turn left it to be
      borne by Agamemnon, that he might be lord of all Argos and of the
      isles. Leaning, then, on his sceptre, he addressed the Argives.",pending_human_review,no,excluded_until_completed_review
homer-iliad-grc-monro-allen-perseus--homer-iliad-en-butler-pg2199--book-02--segment-009,7a46a811b333f9638d310754b0e77a4da58d28b60963710ddce3ec25d5eb1d1c,homer-iliad,homer-iliad-grc-monro-allen-perseus,homer-iliad-en-butler-pg2199,2,9,9,2.110,2.141,32,,,,,,,"ὦ φίλοι ἥρωες Δαναοὶ θεράποντες Ἄρηος
Ζεύς με μέγα Κρονίδης ἄτῃ ἐνέδησε βαρείῃ,
σχέτλιος, ὃς πρὶν μέν μοι ὑπέσχετο καὶ κατένευσεν
Ἴλιον ἐκπέρσαντʼ εὐτείχεον ἀπονέεσθαι,
νῦν δὲ κακὴν ἀπάτην βουλεύσατο, καί με κελεύει
δυσκλέα Ἄργος ἱκέσθαι, ἐπεὶ πολὺν ὤλεσα λαόν.
οὕτω που Διὶ μέλλει ὑπερμενέϊ φίλον εἶναι,
ὃς δὴ πολλάων πολίων κατέλυσε κάρηνα
ἠδʼ ἔτι καὶ λύσει· τοῦ γὰρ κράτος ἐστὶ μέγιστον.
αἰσχρὸν γὰρ τόδε γʼ ἐστὶ καὶ ἐσσομένοισι πυθέσθαι
μὰψ οὕτω τοιόνδε τοσόνδε τε λαὸν Ἀχαιῶν
ἄπρηκτον πόλεμον πολεμίζειν ἠδὲ μάχεσθαι
ἀνδράσι παυροτέροισι, τέλος δʼ οὔ πώ τι πέφανται·
εἴ περ γάρ κʼ ἐθέλοιμεν Ἀχαιοί τε Τρῶές τε
ὅρκια πιστὰ ταμόντες ἀριθμηθήμεναι ἄμφω,
Τρῶας μὲν λέξασθαι ἐφέστιοι ὅσσοι ἔασιν,
ἡμεῖς δʼ ἐς δεκάδας διακοσμηθεῖμεν Ἀχαιοί,
Τρώων δʼ ἄνδρα ἕκαστοι ἑλοίμεθα οἰνοχοεύειν,
πολλαί κεν δεκάδες δευοίατο οἰνοχόοιο.
τόσσον ἐγώ φημι πλέας ἔμμεναι υἷας Ἀχαιῶν
Τρώων, οἳ ναίουσι κατὰ πτόλιν· ἀλλʼ ἐπίκουροι
πολλέων ἐκ πολίων ἐγχέσπαλοι ἄνδρες ἔασιν,
οἵ με μέγα πλάζουσι καὶ οὐκ εἰῶσʼ ἐθέλοντα
Ἰλίου ἐκπέρσαι εὖ ναιόμενον πτολίεθρον.
ἐννέα δὴ βεβάασι Διὸς μεγάλου ἐνιαυτοί,
καὶ δὴ δοῦρα σέσηπε νεῶν καὶ σπάρτα λέλυνται·
αἳ δέ που ἡμέτεραί τʼ ἄλοχοι καὶ νήπια τέκνα
εἵατʼ ἐνὶ μεγάροις ποτιδέγμεναι· ἄμμι δὲ ἔργον
αὔτως ἀκράαντον οὗ εἵνεκα δεῦρʼ ἱκόμεσθα.
ἀλλʼ ἄγεθʼ ὡς ἂν ἐγὼ εἴπω πειθώμεθα πάντες·
φεύγωμεν σὺν νηυσὶ φίλην ἐς πατρίδα γαῖαν·
οὐ γὰρ ἔτι Τροίην αἱρήσομεν εὐρυάγυιαν.","“My friends,” he said, “heroes, servants of Mars, the hand of
      heaven has been laid heavily upon me. Cruel Jove gave me his
      solemn promise that I should sack the city of Priam before
      returning, but he has played me false, and is now bidding me go
      ingloriously back to Argos with the loss of much people. Such is
      the will of Jove, who has laid many a proud city in the dust, as
      he will yet lay others, for his power is above all. It will be a
      sorry tale hereafter that an Achaean host, at once so great and
      valiant, battled in vain against men fewer in number than
      themselves; but as yet the end is not in sight. Think that the
      Achaeans and Trojans have sworn to a solemn covenant, and that
      they have each been numbered—the Trojans by the roll of their
      householders, and we by companies of ten; think further that each
      of our companies desired to have a Trojan householder to pour out
      their wine; we are so greatly more in number that full many a
      company would have to go without its cup-bearer. But they have in
      the town allies from other places, and it is these that hinder me
      from being able to sack the rich city of Ilius. Nine of Jove’s
      years are gone; the timbers of our ships have rotted; their
      tackling is sound no longer. Our wives and little ones at home
      look anxiously for our coming, but the work that we came hither
      to do has not been done. Now, therefore, let us all do as I say:
      let us sail back to our own land, for we shall not take Troy.”",pending_human_review,no,excluded_until_completed_review
homer-iliad-grc-monro-allen-perseus--homer-iliad-en-butler-pg2199--book-02--segment-010,7a46a811b333f9638d310754b0e77a4da58d28b60963710ddce3ec25d5eb1d1c,homer-iliad,homer-iliad-grc-monro-allen-perseus,homer-iliad-en-butler-pg2199,2,10,10,2.142,2.155,14,,,,,,,"ὣς φάτο, τοῖσι δὲ θυμὸν ἐνὶ στήθεσσιν ὄρινε
πᾶσι μετὰ πληθὺν ὅσοι οὐ βουλῆς ἐπάκουσαν·
κινήθη δʼ ἀγορὴ φὴ κύματα μακρὰ θαλάσσης
πόντου Ἰκαρίοιο, τὰ μέν τʼ Εὖρός τε Νότος τε
ὤρορʼ ἐπαΐξας πατρὸς Διὸς ἐκ νεφελάων.
ὡς δʼ ὅτε κινήσῃ Ζέφυρος βαθὺ λήϊον ἐλθὼν
λάβρος ἐπαιγίζων, ἐπί τʼ ἠμύει ἀσταχύεσσιν,
ὣς τῶν πᾶσʼ ἀγορὴ κινήθη· τοὶ δʼ ἀλαλητῷ
νῆας ἔπʼ ἐσσεύοντο, ποδῶν δʼ ὑπένερθε κονίη
ἵστατʼ ἀειρομένη· τοὶ δʼ ἀλλήλοισι κέλευον
ἅπτεσθαι νηῶν ἠδʼ ἑλκέμεν εἰς ἅλα δῖαν,
οὐρούς τʼ ἐξεκάθαιρον· ἀϋτὴ δʼ οὐρανὸν ἷκεν
οἴκαδε ἱεμένων· ὑπὸ δʼ ᾕρεον ἕρματα νηῶν.
ἔνθά κεν Ἀργείοισιν ὑπέρμορα νόστος ἐτύχθη","With these words he moved the hearts of the multitude, so many of
      them as knew not the cunning counsel of Agamemnon. They surged to
      and fro like the waves of the Icarian Sea, when the east and
      south winds break from heaven’s clouds to lash them; or as when
      the west wind sweeps over a field of corn and the ears bow
      beneath the blast, even so were they swayed as they flew with
      loud cries towards the ships, and the dust from under their feet
      rose heavenward. They cheered each other on to draw the ships
      into the sea; they cleared the channels in front of them; they
      began taking away the stays from underneath them, and the welkin
      rang with their glad cries, so eager were they to return.",pending_human_review,no,excluded_until_completed_review
homer-iliad-grc-monro-allen-perseus--homer-iliad-en-butler-pg2199--book-02--segment-011,7a46a811b333f9638d310754b0e77a4da58d28b60963710ddce3ec25d5eb1d1c,homer-iliad,homer-iliad-grc-monro-allen-perseus,homer-iliad-en-butler-pg2199,2,11,11,2.156,2.165,10,,,,,,,"εἰ μὴ Ἀθηναίην Ἥρη πρὸς μῦθον ἔειπεν·
ὢ πόποι αἰγιόχοιο Διὸς τέκος Ἀτρυτώνη,
οὕτω δὴ οἶκον δὲ φίλην ἐς πατρίδα γαῖαν
Ἀργεῖοι φεύξονται ἐπʼ εὐρέα νῶτα θαλάσσης,
κὰδ δέ κεν εὐχωλὴν Πριάμῳ καὶ Τρωσὶ λίποιεν
Ἀργείην Ἑλένην, ἧς εἵνεκα πολλοὶ Ἀχαιῶν
ἐν Τροίῃ ἀπόλοντο φίλης ἀπὸ πατρίδος αἴης·
ἀλλʼ ἴθι νῦν κατὰ λαὸν Ἀχαιῶν χαλκοχιτώνων·
σοῖς ἀγανοῖς ἐπέεσσιν ἐρήτυε φῶτα ἕκαστον,
μηδὲ ἔα νῆας ἅλα δʼ ἑλκέμεν ἀμφιελίσσας.","Then surely the Argives would have returned after a fashion that
      was not fated. But Juno said to Minerva, “Alas, daughter of
      aegis-bearing Jove, unweariable, shall the Argives fly home to
      their own land over the broad sea, and leave Priam and the
      Trojans the glory of still keeping Helen, for whose sake so many
      of the Achaeans have died at Troy, far from their homes? Go about
      at once among the host, and speak fairly to them, man by man,
      that they draw not their ships into the sea.”",pending_human_review,no,excluded_until_completed_review
homer-iliad-grc-monro-allen-perseus--homer-iliad-en-butler-pg2199--book-02--segment-012,7a46a811b333f9638d310754b0e77a4da58d28b60963710ddce3ec25d5eb1d1c,homer-iliad,homer-iliad-grc-monro-allen-perseus,homer-iliad-en-butler-pg2199,2,12,12,2.166,2.181,16,,,,,,,"ὣς ἔφατʼ, οὐδʼ ἀπίθησε θεὰ γλαυκῶπις Ἀθήνη,
βῆ δὲ κατʼ Οὐλύμποιο καρήνων ἀΐξασα·
καρπαλίμως δʼ ἵκανε θοὰς ἐπὶ νῆας Ἀχαιῶν.
εὗρεν ἔπειτʼ Ὀδυσῆα Διὶ μῆτιν ἀτάλαντον
ἑσταότʼ· οὐδʼ ὅ γε νηὸς ἐϋσσέλμοιο μελαίνης
ἅπτετʼ, ἐπεί μιν ἄχος κραδίην καὶ θυμὸν ἵκανεν·
ἀγχοῦ δʼ ἱσταμένη προσέφη γλαυκῶπις Ἀθήνη·
διογενὲς Λαερτιάδη πολυμήχανʼ Ὀδυσσεῦ,
οὕτω δὴ οἶκον δὲ φίλην ἐς πατρίδα γαῖαν
φεύξεσθʼ ἐν νήεσσι πολυκλήϊσι πεσόντες,
κὰδ δέ κεν εὐχωλὴν Πριάμῳ καὶ Τρωσὶ λίποιτε
Ἀργείην Ἑλένην, ἧς εἵνεκα πολλοὶ Ἀχαιῶν
ἐν Τροίῃ ἀπόλοντο φίλης ἀπὸ πατρίδος αἴης;
ἀλλʼ ἴθι νῦν κατὰ λαὸν Ἀχαιῶν, μηδʼ ἔτʼ ἐρώει,
σοῖς δʼ ἀγανοῖς ἐπέεσσιν ἐρήτυε φῶτα ἕκαστον,
μηδὲ ἔα νῆας ἅλα δʼ ἑλκέμεν ἀμφιελίσσας.","Minerva was not slack to do her bidding. Down she darted from the
      topmost summits of Olympus, and in a moment she was at the ships
      of the Achaeans. There she found Ulysses, peer of Jove in
      counsel, standing alone. He had not as yet laid a hand upon his
      ship, for he was grieved and sorry; so she went close up to him
      and said, “Ulysses, noble son of Laertes, are you going to fling
      yourselves into your ships and be off home to your own land in
      this way? Will you leave Priam and the Trojans the glory of still
      keeping Helen, for whose sake so many of the Achaeans have died
      at Troy, far from their homes? Go about at once among the host,
      and speak fairly to them, man by man, that they draw not their
      ships into the sea.”",pending_human_review,no,excluded_until_completed_review
homer-iliad-grc-monro-allen-perseus--homer-iliad-en-butler-pg2199--book-02--segment-013,7a46a811b333f9638d310754b0e77a4da58d28b60963710ddce3ec25d5eb1d1c,homer-iliad,homer-iliad-grc-monro-allen-perseus,homer-iliad-en-butler-pg2199,2,13,13,2.182,2.188,7,,,,,,,"ὣς φάθʼ, ὃ δὲ ξυνέηκε θεᾶς ὄπα φωνησάσης,
βῆ δὲ θέειν, ἀπὸ δὲ χλαῖναν βάλε· τὴν δὲ κόμισσε
κῆρυξ Εὐρυβάτης Ἰθακήσιος ὅς οἱ ὀπήδει·
αὐτὸς δʼ Ἀτρεΐδεω Ἀγαμέμνονος ἀντίος ἐλθὼν
δέξατό οἱ σκῆπτρον πατρώϊον ἄφθιτον αἰεί·
σὺν τῷ ἔβη κατὰ νῆας Ἀχαιῶν χαλκοχιτώνων.
ὅν τινα μὲν βασιλῆα καὶ ἔξοχον ἄνδρα κιχείη","Ulysses knew the voice as that of the goddess: he flung his cloak
      from him and set off to run. His servant Eurybates, a man of
      Ithaca, who waited on him, took charge of the cloak, whereon
      Ulysses went straight up to Agamemnon and received from him his
      ancestral, imperishable staff. With this he went about among the
      ships of the Achaeans.",pending_human_review,no,excluded_until_completed_review
homer-iliad-grc-monro-allen-perseus--homer-iliad-en-butler-pg2199--book-02--segment-014,7a46a811b333f9638d310754b0e77a4da58d28b60963710ddce3ec25d5eb1d1c,homer-iliad,homer-iliad-grc-monro-allen-perseus,homer-iliad-en-butler-pg2199,2,14,14,2.189,2.199,11,,,,,,,"τὸν δʼ ἀγανοῖς ἐπέεσσιν ἐρητύσασκε παραστάς·
δαιμόνιʼ οὔ σε ἔοικε κακὸν ὣς δειδίσσεσθαι,
ἀλλʼ αὐτός τε κάθησο καὶ ἄλλους ἵδρυε λαούς·
οὐ γάρ πω σάφα οἶσθʼ οἷος νόος Ἀτρεΐωνος·
νῦν μὲν πειρᾶται, τάχα δʼ ἴψεται υἷας Ἀχαιῶν.
ἐν βουλῇ δʼ οὐ πάντες ἀκούσαμεν οἷον ἔειπε.
μή τι χολωσάμενος ῥέξῃ κακὸν υἷας Ἀχαιῶν·
θυμὸς δὲ μέγας ἐστὶ διοτρεφέων βασιλήων,
τιμὴ δʼ ἐκ Διός ἐστι, φιλεῖ δέ ἑ μητίετα Ζεύς.
ὃν δʼ αὖ δήμου τʼ ἄνδρα ἴδοι βοόωντά τʼ ἐφεύροι,
τὸν σκήπτρῳ ἐλάσασκεν ὁμοκλήσασκέ τε μύθῳ·","Whenever he met a king or chieftain, he stood by him and spoke
      him fairly. “Sir,” said he, “this flight is cowardly and
      unworthy. Stand to your post, and bid your people also keep their
      places. You do not yet know the full mind of Agamemnon; he was
      sounding us, and ere long will visit the Achaeans with his
      displeasure. We were not all of us at the council to hear what he
      then said; see to it lest he be angry and do us a mischief; for
      the pride of kings is great, and the hand of Jove is with them.”",pending_human_review,no,excluded_until_completed_review
homer-iliad-grc-monro-allen-perseus--homer-iliad-en-butler-pg2199--book-02--segment-015,7a46a811b333f9638d310754b0e77a4da58d28b60963710ddce3ec25d5eb1d1c,homer-iliad,homer-iliad-grc-monro-allen-perseus,homer-iliad-en-butler-pg2199,2,15,15,2.200,2.209,10,,,,,,,"δαιμόνιʼ ἀτρέμας ἧσο καὶ ἄλλων μῦθον ἄκουε,
οἳ σέο φέρτεροί εἰσι, σὺ δʼ ἀπτόλεμος καὶ ἄναλκις
οὔτέ ποτʼ ἐν πολέμῳ ἐναρίθμιος οὔτʼ ἐνὶ βουλῇ·
οὐ μέν πως πάντες βασιλεύσομεν ἐνθάδʼ Ἀχαιοί·
οὐκ ἀγαθὸν πολυκοιρανίη· εἷς κοίρανος ἔστω,
εἷς βασιλεύς, ᾧ δῶκε Κρόνου πάϊς ἀγκυλομήτεω
σκῆπτρόν τʼ ἠδὲ θέμιστας, ἵνά σφισι βουλεύῃσι.
ὣς ὅ γε κοιρανέων δίεπε στρατόν· οἳ δʼ ἀγορὴν δὲ
αὖτις ἐπεσσεύοντο νεῶν ἄπο καὶ κλισιάων
ἠχῇ, ὡς ὅτε κῦμα πολυφλοίσβοιο θαλάσσης","But when he came across any common man who was making a noise, he
      struck him with his staff and rebuked him, saying, “Sirrah, hold
      your peace, and listen to better men than yourself. You are a
      coward and no soldier; you are nobody either in fight or council;
      we cannot all be kings; it is not well that there should be many
      masters; one man must be supreme—one king to whom the son of
      scheming Saturn has given the sceptre of sovereignty over you
      all.”",pending_human_review,no,excluded_until_completed_review
homer-iliad-grc-monro-allen-perseus--homer-iliad-en-butler-pg2199--book-02--segment-016,7a46a811b333f9638d310754b0e77a4da58d28b60963710ddce3ec25d5eb1d1c,homer-iliad,homer-iliad-grc-monro-allen-perseus,homer-iliad-en-butler-pg2199,2,16,16,2.210,2.214,5,,,,,,,"αἰγιαλῷ μεγάλῳ βρέμεται, σμαραγεῖ δέ τε πόντος.
ἄλλοι μέν ῥʼ ἕζοντο, ἐρήτυθεν δὲ καθʼ ἕδρας·
Θερσίτης δʼ ἔτι μοῦνος ἀμετροεπὴς ἐκολῴα,
ὃς ἔπεα φρεσὶν ᾗσιν ἄκοσμά τε πολλά τε ᾔδη
μάψ, ἀτὰρ οὐ κατὰ κόσμον, ἐριζέμεναι βασιλεῦσιν,","Thus masterfully did he go about among the host, and the people
      hurried back to the council from their tents and ships with a
      sound as the thunder of surf when it comes crashing down upon the
      shore, and all the sea is in an uproar.",pending_human_review,no,excluded_until_completed_review
homer-iliad-grc-monro-allen-perseus--homer-iliad-en-butler-pg2199--book-02--segment-017,7a46a811b333f9638d310754b0e77a4da58d28b60963710ddce3ec25d5eb1d1c,homer-iliad,homer-iliad-grc-monro-allen-perseus,homer-iliad-en-butler-pg2199,2,17,17,2.215,2.232,18,,,,,,,"ἀλλʼ ὅ τι οἱ εἴσαιτο γελοίϊον Ἀργείοισιν
ἔμμεναι· αἴσχιστος δὲ ἀνὴρ ὑπὸ Ἴλιον ἦλθε·
φολκὸς ἔην, χωλὸς δʼ ἕτερον πόδα· τὼ δέ οἱ ὤμω
κυρτὼ ἐπὶ στῆθος συνοχωκότε· αὐτὰρ ὕπερθε
φοξὸς ἔην κεφαλήν, ψεδνὴ δʼ ἐπενήνοθε λάχνη.
ἔχθιστος δʼ Ἀχιλῆϊ μάλιστʼ ἦν ἠδʼ Ὀδυσῆϊ·
τὼ γὰρ νεικείεσκε· τότʼ αὖτʼ Ἀγαμέμνονι δίῳ
ὀξέα κεκλήγων λέγʼ ὀνείδεα· τῷ δʼ ἄρʼ Ἀχαιοὶ
ἐκπάγλως κοτέοντο νεμέσσηθέν τʼ ἐνὶ θυμῷ.
αὐτὰρ ὃ μακρὰ βοῶν Ἀγαμέμνονα νείκεε μύθῳ·
Ἀτρεΐδη τέο δʼ αὖτʼ ἐπιμέμφεαι ἠδὲ χατίζεις;
πλεῖαί τοι χαλκοῦ κλισίαι, πολλαὶ δὲ γυναῖκες
εἰσὶν ἐνὶ κλισίῃς ἐξαίρετοι, ἅς τοι Ἀχαιοὶ
πρωτίστῳ δίδομεν εὖτʼ ἂν πτολίεθρον ἕλωμεν.
ἦ ἔτι καὶ χρυσοῦ ἐπιδεύεαι, ὅν κέ τις οἴσει
Τρώων ἱπποδάμων ἐξ Ἰλίου υἷος ἄποινα,
ὅν κεν ἐγὼ δήσας ἀγάγω ἢ ἄλλος Ἀχαιῶν,
ἠὲ γυναῖκα νέην, ἵνα μίσγεαι ἐν φιλότητι,","The rest now took their seats and kept to their own several
      places, but Thersites still went on wagging his unbridled
      tongue—a man of many words, and those unseemly; a monger of
      sedition, a railer against all who were in authority, who cared
      not what he said, so that he might set the Achaeans in a laugh.
      He was the ugliest man of all those that came before
      Troy—bandy-legged, lame of one foot, with his two shoulders
      rounded and hunched over his chest. His head ran up to a point,
      but there was little hair on the top of it. Achilles and Ulysses
      hated him worst of all, for it was with them that he was most
      wont to wrangle; now, however, with a shrill squeaky voice he
      began heaping his abuse on Agamemnon. The Achaeans were angry and
      disgusted, yet none the less he kept on brawling and bawling at
      the son of Atreus.",pending_human_review,no,excluded_until_completed_review
homer-iliad-grc-monro-allen-perseus--homer-iliad-en-butler-pg2199--book-02--segment-018,7a46a811b333f9638d310754b0e77a4da58d28b60963710ddce3ec25d5eb1d1c,homer-iliad,homer-iliad-grc-monro-allen-perseus,homer-iliad-en-butler-pg2199,2,18,18,2.233,2.251,19,,,,,,,"ἥν τʼ αὐτὸς ἀπονόσφι κατίσχεαι; οὐ μὲν ἔοικεν
ἀρχὸν ἐόντα κακῶν ἐπιβασκέμεν υἷας Ἀχαιῶν.
ὦ πέπονες κάκʼ ἐλέγχεʼ Ἀχαιΐδες οὐκέτʼ Ἀχαιοὶ
οἴκαδέ περ σὺν νηυσὶ νεώμεθα, τόνδε δʼ ἐῶμεν
αὐτοῦ ἐνὶ Τροίῃ γέρα πεσσέμεν, ὄφρα ἴδηται
ἤ ῥά τί οἱ χἠμεῖς προσαμύνομεν ἦε καὶ οὐκί·
ὃς καὶ νῦν Ἀχιλῆα ἕο μέγʼ ἀμείνονα φῶτα
ἠτίμησεν· ἑλὼν γὰρ ἔχει γέρας αὐτὸς ἀπούρας.
ἀλλὰ μάλʼ οὐκ Ἀχιλῆϊ χόλος φρεσίν, ἀλλὰ μεθήμων·
ἦ γὰρ ἂν Ἀτρεΐδη νῦν ὕστατα λωβήσαιο·
ὣς φάτο νεικείων Ἀγαμέμνονα ποιμένα λαῶν,
Θερσίτης· τῷ δʼ ὦκα παρίστατο δῖος Ὀδυσσεύς,
καί μιν ὑπόδρα ἰδὼν χαλεπῷ ἠνίπαπε μύθῳ·
Θερσῖτʼ ἀκριτόμυθε, λιγύς περ ἐὼν ἀγορητής,
ἴσχεο, μηδʼ ἔθελʼ οἶος ἐριζέμεναι βασιλεῦσιν·
οὐ γὰρ ἐγὼ σέο φημὶ χερειότερον βροτὸν ἄλλον
ἔμμεναι, ὅσσοι ἅμʼ Ἀτρεΐδῃς ὑπὸ Ἴλιον ἦλθον.
τὼ οὐκ ἂν βασιλῆας ἀνὰ στόμʼ ἔχων ἀγορεύοις,
καί σφιν ὀνείδεά τε προφέροις, νόστόν τε φυλάσσοις.","“Agamemnon,” he cried, “what ails you now, and what more do you
      want? Your tents are filled with bronze and with fair women, for
      whenever we take a town we give you the pick of them. Would you
      have yet more gold, which some Trojan is to give you as a ransom
      for his son, when I or another Achaean has taken him prisoner? or
      is it some young girl to hide and lie with? It is not well that
      you, the ruler of the Achaeans, should bring them into such
      misery. Weakling cowards, women rather than men, let us sail
      home, and leave this fellow here at Troy to stew in his own meeds
      of honour, and discover whether we were of any service to him or
      no. Achilles is a much better man than he is, and see how he has
      treated him—robbing him of his prize and keeping it himself.
      Achilles takes it meekly and shows no fight; if he did, son of
      Atreus, you would never again insult him.”",pending_human_review,no,excluded_until_completed_review
homer-iliad-grc-monro-allen-perseus--homer-iliad-en-butler-pg2199--book-02--segment-019,7a46a811b333f9638d310754b0e77a4da58d28b60963710ddce3ec25d5eb1d1c,homer-iliad,homer-iliad-grc-monro-allen-perseus,homer-iliad-en-butler-pg2199,2,19,19,2.252,2.269,18,,,,,,,"οὐδέ τί πω σάφα ἴδμεν ὅπως ἔσται τάδε ἔργα,
ἢ εὖ ἦε κακῶς νοστήσομεν υἷες Ἀχαιῶν.
τὼ νῦν Ἀτρεΐδῃ Ἀγαμέμνονι ποιμένι λαῶν
ἧσαι ὀνειδίζων, ὅτι οἱ μάλα πολλὰ διδοῦσιν
ἥρωες Δαναοί· σὺ δὲ κερτομέων ἀγορεύεις.
ἀλλʼ ἔκ τοι ἐρέω, τὸ δὲ καὶ τετελεσμένον ἔσται·
εἴ κʼ ἔτι σʼ ἀφραίνοντα κιχήσομαι ὥς νύ περ ὧδε,
μηκέτʼ ἔπειτʼ Ὀδυσῆϊ κάρη ὤμοισιν ἐπείη,
μηδʼ ἔτι Τηλεμάχοιο πατὴρ κεκλημένος εἴην,
εἰ μὴ ἐγώ σε λαβὼν ἀπὸ μὲν φίλα εἵματα δύσω,
χλαῖνάν τʼ ἠδὲ χιτῶνα, τά τʼ αἰδῶ ἀμφικαλύπτει,
αὐτὸν δὲ κλαίοντα θοὰς ἐπὶ νῆας ἀφήσω
πεπλήγων ἀγορῆθεν ἀεικέσσι πληγῇσιν.
ὣς ἄρʼ ἔφη, σκήπτρῳ δὲ μετάφρενον ἠδὲ καὶ ὤμω
πλῆξεν· ὃ δʼ ἰδνώθη, θαλερὸν δέ οἱ ἔκπεσε δάκρυ·
σμῶδιξ δʼ αἱματόεσσα μεταφρένου ἐξυπανέστη
σκήπτρου ὕπο χρυσέου· ὃ δʼ ἄρʼ ἕζετο τάρβησέν τε,
ἀλγήσας δʼ ἀχρεῖον ἰδὼν ἀπομόρξατο δάκρυ.","Thus railed Thersites, but Ulysses at once went up to him and
      rebuked him sternly. “Check your glib tongue, Thersites,” said
      he, “and babble not a word further. Chide not with princes when
      you have none to back you. There is no viler creature come before
      Troy with the sons of Atreus. Drop this chatter about kings, and
      neither revile them nor keep harping about going home. We do not
      yet know how things are going to be, nor whether the Achaeans are
      to return with good success or evil. How dare you gibe at
      Agamemnon because the Danaans have awarded him so many prizes? I
      tell you, therefore—and it shall surely be—that if I again catch
      you talking such nonsense, I will either forfeit my own head and
      be no more called father of Telemachus, or I will take you, strip
      you stark naked, and whip you out of the assembly till you go
      blubbering back to the ships.”",pending_human_review,no,excluded_until_completed_review
homer-iliad-grc-monro-allen-perseus--homer-iliad-en-butler-pg2199--book-02--segment-020,7a46a811b333f9638d310754b0e77a4da58d28b60963710ddce3ec25d5eb1d1c,homer-iliad,homer-iliad-grc-monro-allen-perseus,homer-iliad-en-butler-pg2199,2,20,20,2.270,2.281,12,,,,,,,"οἳ δὲ καὶ ἀχνύμενοί περ ἐπʼ αὐτῷ ἡδὺ γέλασσαν·
ὧδε δέ τις εἴπεσκεν ἰδὼν ἐς πλησίον ἄλλον·
ὢ πόποι ἦ δὴ μυρίʼ Ὀδυσσεὺς ἐσθλὰ ἔοργε
βουλάς τʼ ἐξάρχων ἀγαθὰς πόλεμόν τε κορύσσων·
νῦν δὲ τόδε μέγʼ ἄριστον ἐν Ἀργείοισιν ἔρεξεν,
ὃς τὸν λωβητῆρα ἐπεσβόλον ἔσχʼ ἀγοράων.
οὔ θήν μιν πάλιν αὖτις ἀνήσει θυμὸς ἀγήνωρ
νεικείειν βασιλῆας ὀνειδείοις ἐπέεσσιν.
ὣς φάσαν ἣ πληθύς· ἀνὰ δʼ ὃ πτολίπορθος Ὀδυσσεὺς
ἔστη σκῆπτρον ἔχων· παρὰ δὲ γλαυκῶπις Ἀθήνη
εἰδομένη κήρυκι σιωπᾶν λαὸν ἀνώγει,
ὡς ἅμα θʼ οἳ πρῶτοί τε καὶ ὕστατοι υἷες Ἀχαιῶν","On this he beat him with his staff about the back and shoulders
      till he dropped and fell a-weeping. The golden sceptre raised a
      bloody weal on his back, so he sat down frightened and in pain,
      looking foolish as he wiped the tears from his eyes. The people
      were sorry for him, yet they laughed heartily, and one would turn
      to his neighbour saying, “Ulysses has done many a good thing ere
      now in fight and council, but he never did the Argives a better
      turn than when he stopped this fellow’s mouth from prating
      further. He will give the kings no more of his insolence.”",pending_human_review,no,excluded_until_completed_review
homer-iliad-grc-monro-allen-perseus--homer-iliad-en-butler-pg2199--book-02--segment-021,7a46a811b333f9638d310754b0e77a4da58d28b60963710ddce3ec25d5eb1d1c,homer-iliad,homer-iliad-grc-monro-allen-perseus,homer-iliad-en-butler-pg2199,2,21,21,2.282,2.286,5,,,,,,,"μῦθον ἀκούσειαν καὶ ἐπιφρασσαίατο βουλήν·
ὅ σφιν ἐὺ φρονέων ἀγορήσατο καὶ μετέειπεν·
Ἀτρεΐδη νῦν δή σε ἄναξ ἐθέλουσιν Ἀχαιοὶ
πᾶσιν ἐλέγχιστον θέμεναι μερόπεσσι βροτοῖσιν,
οὐδέ τοι ἐκτελέουσιν ὑπόσχεσιν ἥν περ ὑπέσταν","Thus said the people. Then Ulysses rose, sceptre in hand, and
      Minerva in the likeness of a herald bade the people be still,
      that those who were far off might hear him and consider his
      council. He therefore with all sincerity and goodwill addressed
      them thus:—",pending_human_review,no,excluded_until_completed_review
homer-iliad-grc-monro-allen-perseus--homer-iliad-en-butler-pg2199--book-02--segment-022,7a46a811b333f9638d310754b0e77a4da58d28b60963710ddce3ec25d5eb1d1c,homer-iliad,homer-iliad-grc-monro-allen-perseus,homer-iliad-en-butler-pg2199,2,22,22,2.287,2.303,17,,,,,,,"ἐνθάδʼ ἔτι στείχοντες ἀπʼ Ἄργεος ἱπποβότοιο
Ἴλιον ἐκπέρσαντʼ εὐτείχεον ἀπονέεσθαι.
ὥς τε γὰρ ἢ παῖδες νεαροὶ χῆραί τε γυναῖκες
ἀλλήλοισιν ὀδύρονται οἶκον δὲ νέεσθαι.
ἦ μὴν καὶ πόνος ἐστὶν ἀνιηθέντα νέεσθαι·
καὶ γάρ τίς θʼ ἕνα μῆνα μένων ἀπὸ ἧς ἀλόχοιο
ἀσχαλάᾳ σὺν νηῒ πολυζύγῳ, ὅν περ ἄελλαι
χειμέριαι εἰλέωσιν ὀρινομένη τε θάλασσα·
ἡμῖν δʼ εἴνατός ἐστι περιτροπέων ἐνιαυτὸς
ἐνθάδε μιμνόντεσσι· τὼ οὐ νεμεσίζομʼ Ἀχαιοὺς
ἀσχαλάαν παρὰ νηυσὶ κορωνίσιν· ἀλλὰ καὶ ἔμπης
αἰσχρόν τοι δηρόν τε μένειν κενεόν τε νέεσθαι.
τλῆτε φίλοι, καὶ μείνατʼ ἐπὶ χρόνον ὄφρα δαῶμεν
ἢ ἐτεὸν Κάλχας μαντεύεται ἦε καὶ οὐκί.
εὖ γὰρ δὴ τόδε ἴδμεν ἐνὶ φρεσίν, ἐστὲ δὲ πάντες
μάρτυροι, οὓς μὴ κῆρες ἔβαν θανάτοιο φέρουσαι·
χθιζά τε καὶ πρωΐζʼ ὅτʼ ἐς Αὐλίδα νῆες Ἀχαιῶν","“King Agamemnon, the Achaeans are for making you a by-word among
      all mankind. They forget the promise they made you when they set
      out from Argos, that you should not return till you had sacked
      the town of Troy, and, like children or widowed women, they
      murmur and would set off homeward. True it is that they have had
      toil enough to be disheartened. A man chafes at having to stay
      away from his wife even for a single month, when he is on
      shipboard, at the mercy of wind and sea, but it is now nine long
      years that we have been kept here; I cannot, therefore, blame the
      Achaeans if they turn restive; still we shall be shamed if we go
      home empty after so long a stay—therefore, my friends, be patient
      yet a little longer that we may learn whether the prophesyings of
      Calchas were false or true.",pending_human_review,no,excluded_until_completed_review
homer-iliad-grc-monro-allen-perseus--homer-iliad-en-butler-pg2199--book-02--segment-023,7a46a811b333f9638d310754b0e77a4da58d28b60963710ddce3ec25d5eb1d1c,homer-iliad,homer-iliad-grc-monro-allen-perseus,homer-iliad-en-butler-pg2199,2,23,23,2.304,2.339,36,,,,,,,"ἠγερέθοντο κακὰ Πριάμῳ καὶ Τρωσὶ φέρουσαι,
ἡμεῖς δʼ ἀμφὶ περὶ κρήνην ἱεροὺς κατὰ βωμοὺς
ἕρδομεν ἀθανάτοισι τεληέσσας ἑκατόμβας
καλῇ ὑπὸ πλατανίστῳ ὅθεν ῥέεν ἀγλαὸν ὕδωρ·
ἔνθʼ ἐφάνη μέγα σῆμα· δράκων ἐπὶ νῶτα δαφοινὸς
σμερδαλέος, τόν ῥʼ αὐτὸς Ὀλύμπιος ἧκε φόως δέ,
βωμοῦ ὑπαΐξας πρός ῥα πλατάνιστον ὄρουσεν.
ἔνθα δʼ ἔσαν στρουθοῖο νεοσσοί, νήπια τέκνα,
ὄζῳ ἐπʼ ἀκροτάτῳ πετάλοις ὑποπεπτηῶτες
ὀκτώ, ἀτὰρ μήτηρ ἐνάτη ἦν ἣ τέκε τέκνα·
ἔνθʼ ὅ γε τοὺς ἐλεεινὰ κατήσθιε τετριγῶτας·
μήτηρ δʼ ἀμφεποτᾶτο ὀδυρομένη φίλα τέκνα·
τὴν δʼ ἐλελιξάμενος πτέρυγος λάβεν ἀμφιαχυῖαν.
αὐτὰρ ἐπεὶ κατὰ τέκνα φάγε στρουθοῖο καὶ αὐτήν,
τὸν μὲν ἀρίζηλον θῆκεν θεὸς ὅς περ ἔφηνε·
λᾶαν γάρ μιν ἔθηκε Κρόνου πάϊς ἀγκυλομήτεω·
ἡμεῖς δʼ ἑσταότες θαυμάζομεν οἷον ἐτύχθη.
ὡς οὖν δεινὰ πέλωρα θεῶν εἰσῆλθʼ ἑκατόμβας,
Κάλχας δʼ αὐτίκʼ ἔπειτα θεοπροπέων ἀγόρευε·
τίπτʼ ἄνεῳ ἐγένεσθε κάρη κομόωντες Ἀχαιοί;
ἡμῖν μὲν τόδʼ ἔφηνε τέρας μέγα μητίετα Ζεὺς
ὄψιμον ὀψιτέλεστον, ὅου κλέος οὔ ποτʼ ὀλεῖται.
ὡς οὗτος κατὰ τέκνα φάγε στρουθοῖο καὶ αὐτὴν
ὀκτώ, ἀτὰρ μήτηρ ἐνάτη ἦν ἣ τέκε τέκνα,
ὣς ἡμεῖς τοσσαῦτʼ ἔτεα πτολεμίξομεν αὖθι,
τῷ δεκάτῳ δὲ πόλιν αἱρήσομεν εὐρυάγυιαν.
κεῖνος τὼς ἀγόρευε· τὰ δὴ νῦν πάντα τελεῖται.
ἀλλʼ ἄγε μίμνετε πάντες ἐϋκνήμιδες Ἀχαιοὶ
αὐτοῦ εἰς ὅ κεν ἄστυ μέγα Πριάμοιο ἕλωμεν.
ὣς ἔφατʼ, Ἀργεῖοι δὲ μέγʼ ἴαχον, ἀμφὶ δὲ νῆες
σμερδαλέον κονάβησαν ἀϋσάντων ὑπʼ Ἀχαιῶν,
μῦθον ἐπαινήσαντες Ὀδυσσῆος θείοιο·
τοῖσι δὲ καὶ μετέειπε Γερήνιος ἱππότα Νέστωρ·
ὦ πόποι ἦ δὴ παισὶν ἐοικότες ἀγοράασθε
νηπιάχοις οἷς οὔ τι μέλει πολεμήϊα ἔργα.
πῇ δὴ συνθεσίαι τε καὶ ὅρκια βήσεται ἥμιν;","“All who have not since perished must remember as though it were
      yesterday or the day before, how the ships of the Achaeans were
      detained in Aulis when we were on our way hither to make war on
      Priam and the Trojans. We were ranged round about a fountain
      offering hecatombs to the gods upon their holy altars, and there
      was a fine plane-tree from beneath which there welled a stream of
      pure water. Then we saw a prodigy; for Jove sent a fearful
      serpent out of the ground, with blood-red stains upon its back,
      and it darted from under the altar on to the plane-tree. Now
      there was a brood of young sparrows, quite small, upon the
      topmost bough, peeping out from under the leaves, eight in all,
      and their mother that hatched them made nine. The serpent ate the
      poor cheeping things, while the old bird flew about lamenting her
      little ones; but the serpent threw his coils about her and caught
      her by the wing as she was screaming. Then, when he had eaten
      both the sparrow and her young, the god who had sent him made him
      become a sign; for the son of scheming Saturn turned him into
      stone, and we stood there wondering at that which had come to
      pass. Seeing, then, that such a fearful portent had broken in
      upon our hecatombs, Calchas forthwith declared to us the oracles
      of heaven. ‘Why, Achaeans,’ said he, ‘are you thus speechless?
      Jove has sent us this sign, long in coming, and long ere it be
      fulfilled, though its fame shall last for ever. As the serpent
      ate the eight fledglings and the sparrow that hatched them, which
      makes nine, so shall we fight nine years at Troy, but in the
      tenth shall take the town.’ This was what he said, and now it is
      all coming true. Stay here, therefore, all of you, till we take
      the city of Priam.”",pending_human_review,no,excluded_until_completed_review
homer-iliad-grc-monro-allen-perseus--homer-iliad-en-butler-pg2199--book-02--segment-024,7a46a811b333f9638d310754b0e77a4da58d28b60963710ddce3ec25d5eb1d1c,homer-iliad,homer-iliad-grc-monro-allen-perseus,homer-iliad-en-butler-pg2199,2,24,24,2.340,2.377,38,,,,,,,"ἐν πυρὶ δὴ βουλαί τε γενοίατο μήδεά τʼ ἀνδρῶν
σπονδαί τʼ ἄκρητοι καὶ δεξιαί, ᾗς ἐπέπιθμεν·
αὔτως γὰρ ἐπέεσσʼ ἐριδαίνομεν, οὐδέ τι μῆχος
εὑρέμεναι δυνάμεσθα, πολὺν χρόνον ἐνθάδʼ ἐόντες.
Ἀτρεΐδη σὺ δʼ ἔθʼ ὡς πρὶν ἔχων ἀστεμφέα βουλὴν
ἄρχευʼ Ἀργείοισι κατὰ κρατερὰς ὑσμίνας,
τούσδε δʼ ἔα φθινύθειν ἕνα καὶ δύο, τοί κεν Ἀχαιῶν
νόσφιν βουλεύωσʼ· ἄνυσις δʼ οὐκ ἔσσεται αὐτῶν·
πρὶν Ἄργος δʼ ἰέναι πρὶν καὶ Διὸς αἰγιόχοιο
γνώμεναι εἴ τε ψεῦδος ὑπόσχεσις εἴ τε καὶ οὐκί.
φημὶ γὰρ οὖν κατανεῦσαι ὑπερμενέα Κρονίωνα
ἤματι τῷ ὅτε νηυσὶν ἐν ὠκυπόροισιν ἔβαινον
Ἀργεῖοι Τρώεσσι φόνον καὶ κῆρα φέροντες
ἀστράπτων ἐπιδέξιʼ ἐναίσιμα σήματα φαίνων.
τὼ μή τις πρὶν ἐπειγέσθω οἶκον δὲ νέεσθαι
πρίν τινα πὰρ Τρώων ἀλόχῳ κατακοιμηθῆναι,
τίσασθαι δʼ Ἑλένης ὁρμήματά τε στοναχάς τε.
εἰ δέ τις ἐκπάγλως ἐθέλει οἶκον δὲ νέεσθαι
ἁπτέσθω ἧς νηὸς ἐϋσσέλμοιο μελαίνης,
ὄφρα πρόσθʼ ἄλλων θάνατον καὶ πότμον ἐπίσπῃ.
ἀλλὰ ἄναξ αὐτός τʼ εὖ μήδεο πείθεό τʼ ἄλλῳ·
οὔ τοι ἀπόβλητον ἔπος ἔσσεται ὅττί κεν εἴπω·
κρῖνʼ ἄνδρας κατὰ φῦλα κατὰ φρήτρας Ἀγάμεμνον,
ὡς φρήτρη φρήτρηφιν ἀρήγῃ, φῦλα δὲ φύλοις.
εἰ δέ κεν ὣς ἕρξῃς καί τοι πείθωνται Ἀχαιοί,
γνώσῃ ἔπειθʼ ὅς θʼ ἡγεμόνων κακὸς ὅς τέ νυ λαῶν
ἠδʼ ὅς κʼ ἐσθλὸς ἔῃσι· κατὰ σφέας γὰρ μαχέονται.
γνώσεαι δʼ εἰ καὶ θεσπεσίῃ πόλιν οὐκ ἀλαπάξεις,
ἦ ἀνδρῶν κακότητι καὶ ἀφραδίῃ πολέμοιο.
τὸν δʼ ἀπαμειβόμενος προσέφη κρείων Ἀγαμέμνων·
ἦ μὰν αὖτʼ ἀγορῇ νικᾷς γέρον υἷας Ἀχαιῶν.
αἲ γὰρ Ζεῦ τε πάτερ καὶ Ἀθηναίη καὶ Ἄπολλον
τοιοῦτοι δέκα μοι συμφράδμονες εἶεν Ἀχαιῶν·
τώ κε τάχʼ ἠμύσειε πόλις Πριάμοιο ἄνακτος
χερσὶν ὑφʼ ἡμετέρῃσιν ἁλοῦσά τε περθομένη τε.
ἀλλά μοι αἰγίοχος Κρονίδης Ζεὺς ἄλγεʼ ἔδωκεν,
ὅς με μετʼ ἀπρήκτους ἔριδας καὶ νείκεα βάλλει.
καὶ γὰρ ἐγὼν Ἀχιλεύς τε μαχεσσάμεθʼ εἵνεκα κούρης","On this the Argives raised a shout, till the ships rang again
      with the uproar. Nestor, knight of Gerene, then addressed them.
      “Shame on you,” he cried, “to stay talking here like children,
      when you should fight like men. Where are our covenants now, and
      where the oaths that we have taken? Shall our counsels be flung
      into the fire, with our drink-offerings and the right hands of
      fellowship wherein we have put our trust? We waste our time in
      words, and for all our talking here shall be no further forward.
      Stand, therefore, son of Atreus, by your own steadfast purpose;
      lead the Argives on to battle, and leave this handful of men to
      rot, who scheme, and scheme in vain, to get back to Argos ere
      they have learned whether Jove be true or a liar. For the mighty
      son of Saturn surely promised that we should succeed, when we
      Argives set sail to bring death and destruction upon the Trojans.
      He showed us favourable signs by flashing his lightning on our
      right hands; therefore let none make haste to go till he has
      first lain with the wife of some Trojan, and avenged the toil and
      sorrow that he has suffered for the sake of Helen. Nevertheless,
      if any man is in such haste to be at home again, let him lay his
      hand to his ship that he may meet his doom in the sight of all.
      But, O king, consider and give ear to my counsel, for the word
      that I say may not be neglected lightly. Divide your men,
      Agamemnon, into their several tribes and clans, that clans and
      tribes may stand by and help one another. If you do this, and if
      the Achaeans obey you, you will find out who, both chiefs and
      peoples, are brave, and who are cowards; for they will vie
      against the other. Thus you shall also learn whether it is
      through the counsel of heaven or the cowardice of man that you
      shall fail to take the town.”",pending_human_review,no,excluded_until_completed_review
homer-iliad-grc-monro-allen-perseus--homer-iliad-en-butler-pg2199--book-02--segment-025,7a46a811b333f9638d310754b0e77a4da58d28b60963710ddce3ec25d5eb1d1c,homer-iliad,homer-iliad-grc-monro-allen-perseus,homer-iliad-en-butler-pg2199,2,25,25,2.378,2.401,24,,,,,,,"ἀντιβίοις ἐπέεσσιν, ἐγὼ δʼ ἦρχον χαλεπαίνων·
εἰ δέ ποτʼ ἔς γε μίαν βουλεύσομεν, οὐκέτʼ ἔπειτα
Τρωσὶν ἀνάβλησις κακοῦ ἔσσεται οὐδʼ ἠβαιόν.
νῦν δʼ ἔρχεσθʼ ἐπὶ δεῖπνον ἵνα ξυνάγωμεν Ἄρηα.
εὖ μέν τις δόρυ θηξάσθω, εὖ δʼ ἀσπίδα θέσθω,
εὖ δέ τις ἵπποισιν δεῖπνον δότω ὠκυπόδεσσιν,
εὖ δέ τις ἅρματος ἀμφὶς ἰδὼν πολέμοιο μεδέσθω,
ὥς κε πανημέριοι στυγερῷ κρινώμεθʼ Ἄρηϊ.
οὐ γὰρ παυσωλή γε μετέσσεται οὐδʼ ἠβαιὸν
εἰ μὴ νὺξ ἐλθοῦσα διακρινέει μένος ἀνδρῶν.
ἱδρώσει μέν τευ τελαμὼν ἀμφὶ στήθεσφιν
ἀσπίδος ἀμφιβρότης, περὶ δʼ ἔγχεϊ χεῖρα καμεῖται·
ἱδρώσει δέ τευ ἵππος ἐΰξοον ἅρμα τιταίνων.
ὃν δέ κʼ ἐγὼν ἀπάνευθε μάχης ἐθέλοντα νοήσω
μιμνάζειν παρὰ νηυσὶ κορωνίσιν, οὔ οἱ ἔπειτα
ἄρκιον ἐσσεῖται φυγέειν κύνας ἠδʼ οἰωνούς.
ὣς ἔφατʼ, Ἀργεῖοι δὲ μέγʼ ἴαχον ὡς ὅτε κῦμα
ἀκτῇ ἐφʼ ὑψηλῇ, ὅτε κινήσῃ Νότος ἐλθών,
προβλῆτι σκοπέλῳ· τὸν δʼ οὔ ποτε κύματα λείπει
παντοίων ἀνέμων, ὅτʼ ἂν ἔνθʼ ἢ ἔνθα γένωνται.
ἀνστάντες δʼ ὀρέοντο κεδασθέντες κατὰ νῆας,
κάπνισσάν τε κατὰ κλισίας, καὶ δεῖπνον ἕλοντο.
ἄλλος δʼ ἄλλῳ ἔρεζε θεῶν αἰειγενετάων
εὐχόμενος θάνατόν τε φυγεῖν καὶ μῶλον Ἄρηος.","And Agamemnon answered, “Nestor, you have again outdone the sons
      of the Achaeans in counsel. Would, by Father Jove, Minerva, and
      Apollo, that I had among them ten more such councillors, for the
      city of King Priam would then soon fall beneath our hands, and we
      should sack it. But the son of Saturn afflicts me with bootless
      wranglings and strife. Achilles and I are quarrelling about this
      girl, in which matter I was the first to offend; if we can be of
      one mind again, the Trojans will not stave off destruction for a
      day. Now, therefore, get your morning meal, that our hosts join
      in fight. Whet well your spears; see well to the ordering of your
      shields; give good feeds to your horses, and look your chariots
      carefully over, that we may do battle the livelong day; for we
      shall have no rest, not for a moment, till night falls to part
      us. The bands that bear your shields shall be wet with the sweat
      upon your shoulders, your hands shall weary upon your spears,
      your horses shall steam in front of your chariots, and if I see
      any man shirking the fight, or trying to keep out of it at the
      ships, there shall be no help for him, but he shall be a prey to
      dogs and vultures.”",pending_human_review,no,excluded_until_completed_review
homer-iliad-grc-monro-allen-perseus--homer-iliad-en-butler-pg2199--book-02--segment-026,7a46a811b333f9638d310754b0e77a4da58d28b60963710ddce3ec25d5eb1d1c,homer-iliad,homer-iliad-grc-monro-allen-perseus,homer-iliad-en-butler-pg2199,2,26,26,2.402,2.429,28,,,,,,,"αὐτὰρ ὃ βοῦν ἱέρευσε ἄναξ ἀνδρῶν Ἀγαμέμνων
πίονα πενταέτηρον ὑπερμενέϊ Κρονίωνι,
κίκλησκεν δὲ γέροντας ἀριστῆας Παναχαιῶν,
Νέστορα μὲν πρώτιστα καὶ Ἰδομενῆα ἄνακτα,
αὐτὰρ ἔπειτʼ Αἴαντε δύω καὶ Τυδέος υἱόν,
ἕκτον δʼ αὖτʼ Ὀδυσῆα Διὶ μῆτιν ἀτάλαντον.
αὐτόματος δέ οἱ ἦλθε βοὴν ἀγαθὸς Μενέλαος·
ᾔδεε γὰρ κατὰ θυμὸν ἀδελφεὸν ὡς ἐπονεῖτο.
βοῦν δὲ περιστήσαντο καὶ οὐλοχύτας ἀνέλοντο·
τοῖσιν δʼ εὐχόμενος μετέφη κρείων Ἀγαμέμνων·
Ζεῦ κύδιστε μέγιστε κελαινεφὲς αἰθέρι ναίων
μὴ πρὶν ἐπʼ ἠέλιον δῦναι καὶ ἐπὶ κνέφας ἐλθεῖν
πρίν με κατὰ πρηνὲς βαλέειν Πριάμοιο μέλαθρον
αἰθαλόεν, πρῆσαι δὲ πυρὸς δηΐοιο θύρετρα,
Ἑκτόρεον δὲ χιτῶνα περὶ στήθεσσι δαΐξαι
χαλκῷ ῥωγαλέον· πολέες δʼ ἀμφʼ αὐτὸν ἑταῖροι
πρηνέες ἐν κονίῃσιν ὀδὰξ λαζοίατο γαῖαν.
ὣς ἔφατʼ, οὐδʼ ἄρα πώ οἱ ἐπεκραίαινε Κρονίων,
ἀλλʼ ὅ γε δέκτο μὲν ἱρά, πόνον δʼ ἀμέγαρτον ὄφελλεν.
αὐτὰρ ἐπεί ῥʼ εὔξαντο καὶ οὐλοχύτας προβάλοντο,
αὐέρυσαν μὲν πρῶτα καὶ ἔσφαξαν καὶ ἔδειραν,
μηρούς τʼ ἐξέταμον κατά τε κνίσῃ ἐκάλυψαν
δίπτυχα ποιήσαντες, ἐπʼ αὐτῶν δʼ ὠμοθέτησαν.
καὶ τὰ μὲν ἂρ σχίζῃσιν ἀφύλλοισιν κατέκαιον,
σπλάγχνα δʼ ἄρʼ ἀμπείραντες ὑπείρεχον Ἡφαίστοιο.
αὐτὰρ ἐπεὶ κατὰ μῆρε κάη καὶ σπλάγχνα πάσαντο,
μίστυλλόν τʼ ἄρα τἆλλα καὶ ἀμφʼ ὀβελοῖσιν ἔπειραν,
ὤπτησάν τε περιφραδέως, ἐρύσαντό τε πάντα.","Thus he spoke, and the Achaeans roared applause. As when the
      waves run high before the blast of the south wind and break on
      some lofty headland, dashing against it and buffeting it without
      ceasing, as the storms from every quarter drive them, even so did
      the Achaeans rise and hurry in all directions to their ships.
      There they lighted their fires at their tents and got dinner,
      offering sacrifice every man to one or other of the gods, and
      praying each one of them that he might live to come out of the
      fight. Agamemnon, king of men, sacrificed a fat five-year-old
      bull to the mighty son of Saturn, and invited the princes and
      elders of his host. First he asked Nestor and King Idomeneus,
      then the two Ajaxes and the son of Tydeus, and sixthly Ulysses,
      peer of gods in counsel; but Menelaus came of his own accord, for
      he knew how busy his brother then was. They stood round the bull
      with the barley-meal in their hands, and Agamemnon prayed,
      saying, “Jove, most glorious, supreme, that dwellest in heaven,
      and ridest upon the storm-cloud, grant that the sun may not go
      down, nor the night fall, till the palace of Priam is laid low,
      and its gates are consumed with fire. Grant that my sword may
      pierce the shirt of Hector about his heart, and that full many of
      his comrades may bite the dust as they fall dying round him.”",pending_human_review,no,excluded_until_completed_review
homer-iliad-grc-monro-allen-perseus--homer-iliad-en-butler-pg2199--book-02--segment-027,7a46a811b333f9638d310754b0e77a4da58d28b60963710ddce3ec25d5eb1d1c,homer-iliad,homer-iliad-grc-monro-allen-perseus,homer-iliad-en-butler-pg2199,2,27,27,2.430,2.453,24,,,,,,,"αὐτὰρ ἐπεὶ παύσαντο πόνου τετύκοντό τε δαῖτα
δαίνυντʼ, οὐδέ τι θυμὸς ἐδεύετο δαιτὸς ἐΐσης.
αὐτὰρ ἐπεὶ πόσιος καὶ ἐδητύος ἐξ ἔρον ἕντο,
τοῖς ἄρα μύθων ἦρχε Γερήνιος ἱππότα Νέστωρ·
Ἀτρεΐδη κύδιστε ἄναξ ἀνδρῶν Ἀγάμεμνον,
μηκέτι νῦν δήθʼ αὖθι λεγώμεθα, μηδʼ ἔτι δηρὸν
ἀμβαλλώμεθα ἔργον ὃ δὴ θεὸς ἐγγυαλίζει.
ἀλλʼ ἄγε κήρυκες μὲν Ἀχαιῶν χαλκοχιτώνων
λαὸν κηρύσσοντες ἀγειρόντων κατὰ νῆας,
ἡμεῖς δʼ ἀθρόοι ὧδε κατὰ στρατὸν εὐρὺν Ἀχαιῶν
ἴομεν ὄφρα κε θᾶσσον ἐγείρομεν ὀξὺν Ἄρηα.
ὣς ἔφατʼ, οὐδʼ ἀπίθησεν ἄναξ ἀνδρῶν Ἀγαμέμνων.
αὐτίκα κηρύκεσσι λιγυφθόγγοισι κέλευσε
κηρύσσειν πόλεμον δὲ κάρη κομόωντας Ἀχαιούς·
οἳ μὲν ἐκήρυσσον, τοὶ δʼ ἠγείροντο μάλʼ ὦκα.
οἳ δʼ ἀμφʼ Ἀτρεΐωνα διοτρεφέες βασιλῆες
θῦνον κρίνοντες, μετὰ δὲ γλαυκῶπις Ἀθήνη
αἰγίδʼ ἔχουσʼ ἐρίτιμον ἀγήρων ἀθανάτην τε,
τῆς ἑκατὸν θύσανοι παγχρύσεοι ἠερέθονται,
πάντες ἐϋπλεκέες, ἑκατόμβοιος δὲ ἕκαστος·
σὺν τῇ παιφάσσουσα διέσσυτο λαὸν Ἀχαιῶν
ὀτρύνουσʼ ἰέναι· ἐν δὲ σθένος ὦρσεν ἑκάστῳ
καρδίῃ ἄλληκτον πολεμίζειν ἠδὲ μάχεσθαι.
τοῖσι δʼ ἄφαρ πόλεμος γλυκίων γένετʼ ἠὲ νέεσθαι","Thus he prayed, but the son of Saturn would not fulfil his
      prayer. He accepted the sacrifice, yet none the less increased
      their toil continually. When they had done praying and sprinkling
      the barley-meal upon the victim, they drew back its head, killed
      it, and then flayed it. They cut out the thigh-bones, wrapped
      them round in two layers of fat, and set pieces of raw meat on
      the top of them. These they burned upon the split logs of
      firewood, but they spitted the inward meats, and held them in the
      flames to cook. When the thigh-bones were burned, and they had
      tasted the inward meats, they cut the rest up small, put the
      pieces upon spits, roasted them till they were done, and drew
      them off; then, when they had finished their work and the feast
      was ready, they ate it, and every man had his full share, so that
      all were satisfied. As soon as they had had enough to eat and
      drink, Nestor, knight of Gerene, began to speak. “King
      Agamemnon,” said he, “let us not stay talking here, nor be slack
      in the work that heaven has put into our hands. Let the heralds
      summon the people to gather at their several ships; we will then
      go about among the host, that we may begin fighting at once.”",pending_human_review,no,excluded_until_completed_review
homer-iliad-grc-monro-allen-perseus--homer-iliad-en-butler-pg2199--book-02--segment-028,7a46a811b333f9638d310754b0e77a4da58d28b60963710ddce3ec25d5eb1d1c,homer-iliad,homer-iliad-grc-monro-allen-perseus,homer-iliad-en-butler-pg2199,2,28,28,2.454,2.471,18,,,,,,,"ἐν νηυσὶ γλαφυρῇσι φίλην ἐς πατρίδα γαῖαν.
ἠΰτε πῦρ ἀΐδηλον ἐπιφλέγει ἄσπετον ὕλην
οὔρεος ἐν κορυφῇς, ἕκαθεν δέ τε φαίνεται αὐγή,
ὣς τῶν ἐρχομένων ἀπὸ χαλκοῦ θεσπεσίοιο
αἴγλη παμφανόωσα διʼ αἰθέρος οὐρανὸν ἷκε.
τῶν δʼ ὥς τʼ ὀρνίθων πετεηνῶν ἔθνεα πολλὰ
χηνῶν ἢ γεράνων ἢ κύκνων δουλιχοδείρων
Ἀσίω ἐν λειμῶνι Καϋστρίου ἀμφὶ ῥέεθρα
ἔνθα καὶ ἔνθα ποτῶνται ἀγαλλόμενα πτερύγεσσι
κλαγγηδὸν προκαθιζόντων, σμαραγεῖ δέ τε λειμών,
ὣς τῶν ἔθνεα πολλὰ νεῶν ἄπο καὶ κλισιάων
ἐς πεδίον προχέοντο Σκαμάνδριον· αὐτὰρ ὑπὸ χθὼν
σμερδαλέον κονάβιζε ποδῶν αὐτῶν τε καὶ ἵππων.
ἔσταν δʼ ἐν λειμῶνι Σκαμανδρίῳ ἀνθεμόεντι
μυρίοι, ὅσσά τε φύλλα καὶ ἄνθεα γίγνεται ὥρῃ.
ἠΰτε μυιάων ἁδινάων ἔθνεα πολλὰ
αἵ τε κατὰ σταθμὸν ποιμνήϊον ἠλάσκουσιν
ὥρῃ ἐν εἰαρινῇ ὅτε τε γλάγος ἄγγεα δεύει,","Thus did he speak, and Agamemnon heeded his words. He at once
      sent the criers round to call the people in assembly. So they
      called them, and the people gathered thereon. The chiefs about
      the son of Atreus chose their men and marshalled them, while
      Minerva went among them holding her priceless aegis that knows
      neither age nor death. From it there waved a hundred tassels of
      pure gold, all deftly woven, and each one of them worth a hundred
      oxen. With this she darted furiously everywhere among the hosts
      of the Achaeans, urging them forward, and putting courage into
      the heart of each, so that he might fight and do battle without
      ceasing. Thus war became sweeter in their eyes even than
      returning home in their ships. As when some great forest fire is
      raging upon a mountain top and its light is seen afar, even so as
      they marched the gleam of their armour flashed up into the
      firmament of heaven.",pending_human_review,no,excluded_until_completed_review
homer-iliad-grc-monro-allen-perseus--homer-iliad-en-butler-pg2199--book-02--segment-029,7a46a811b333f9638d310754b0e77a4da58d28b60963710ddce3ec25d5eb1d1c,homer-iliad,homer-iliad-grc-monro-allen-perseus,homer-iliad-en-butler-pg2199,2,29,29,2.472,2.481,10,,,,,,,"τόσσοι ἐπὶ Τρώεσσι κάρη κομόωντες Ἀχαιοὶ
ἐν πεδίῳ ἵσταντο διαρραῖσαι μεμαῶτες.
τοὺς δʼ ὥς τʼ αἰπόλια πλατέʼ αἰγῶν αἰπόλοι ἄνδρες
ῥεῖα διακρίνωσιν ἐπεί κε νομῷ μιγέωσιν,
ὣς τοὺς ἡγεμόνες διεκόσμεον ἔνθα καὶ ἔνθα
ὑσμίνην δʼ ἰέναι, μετὰ δὲ κρείων Ἀγαμέμνων
ὄμματα καὶ κεφαλὴν ἴκελος Διὶ τερπικεραύνῳ,
Ἄρεϊ δὲ ζώνην, στέρνον δὲ Ποσειδάωνι.
ἠΰτε βοῦς ἀγέληφι μέγʼ ἔξοχος ἔπλετο πάντων
ταῦρος· ὃ γάρ τε βόεσσι μεταπρέπει ἀγρομένῃσι·","They were like great flocks of geese, or cranes, or swans on the
      plain about the waters of Cayster, that wing their way hither and
      thither, glorying in the pride of flight, and crying as they
      settle till the fen is alive with their screaming. Even thus did
      their tribes pour from ships and tents on to the plain of the
      Scamander, and the ground rang as brass under the feet of men and
      horses. They stood as thick upon the flower-bespangled field as
      leaves that bloom in summer.",pending_human_review,no,excluded_until_completed_review
homer-iliad-grc-monro-allen-perseus--homer-iliad-en-butler-pg2199--book-02--segment-030,7a46a811b333f9638d310754b0e77a4da58d28b60963710ddce3ec25d5eb1d1c,homer-iliad,homer-iliad-grc-monro-allen-perseus,homer-iliad-en-butler-pg2199,2,30,30,2.482,2.486,5,,,,,,,"τοῖον ἄρʼ Ἀτρεΐδην θῆκε Ζεὺς ἤματι κείνῳ
ἐκπρεπέʼ ἐν πολλοῖσι καὶ ἔξοχον ἡρώεσσιν.
ἔσπετε νῦν μοι Μοῦσαι Ὀλύμπια δώματʼ ἔχουσαι·
ὑμεῖς γὰρ θεαί ἐστε πάρεστέ τε ἴστέ τε πάντα,
ἡμεῖς δὲ κλέος οἶον ἀκούομεν οὐδέ τι ἴδμεν·","As countless swarms of flies buzz around a herdsman’s homestead
      in the time of spring when the pails are drenched with milk, even
      so did the Achaeans swarm on to the plain to charge the Trojans
      and destroy them.",pending_human_review,no,excluded_until_completed_review
homer-iliad-grc-monro-allen-perseus--homer-iliad-en-butler-pg2199--book-02--segment-031,7a46a811b333f9638d310754b0e77a4da58d28b60963710ddce3ec25d5eb1d1c,homer-iliad,homer-iliad-grc-monro-allen-perseus,homer-iliad-en-butler-pg2199,2,31,31,2.487,2.495,9,,,,,,,"οἵ τινες ἡγεμόνες Δαναῶν καὶ κοίρανοι ἦσαν·
πληθὺν δʼ οὐκ ἂν ἐγὼ μυθήσομαι οὐδʼ ὀνομήνω,
οὐδʼ εἴ μοι δέκα μὲν γλῶσσαι, δέκα δὲ στόματʼ εἶεν,
φωνὴ δʼ ἄρρηκτος, χάλκεον δέ μοι ἦτορ ἐνείη,
εἰ μὴ Ὀλυμπιάδες Μοῦσαι Διὸς αἰγιόχοιο
θυγατέρες μνησαίαθʼ ὅσοι ὑπὸ Ἴλιον ἦλθον·
ἀρχοὺς αὖ νηῶν ἐρέω νῆάς τε προπάσας.
Βοιωτῶν μὲν Πηνέλεως καὶ Λήϊτος ἦρχον
Ἀρκεσίλαός τε Προθοήνωρ τε Κλονίος τε,","The chiefs disposed their men this way and that before the fight
      began, drafting them out as easily as goatherds draft their
      flocks when they have got mixed while feeding; and among them
      went King Agamemnon, with a head and face like Jove the lord of
      thunder, a waist like Mars, and a chest like that of Neptune. As
      some great bull that lords it over the herds upon the plain, even
      so did Jove make the son of Atreus stand peerless among the
      multitude of heroes.",pending_human_review,no,excluded_until_completed_review
homer-iliad-grc-monro-allen-perseus--homer-iliad-en-butler-pg2199--book-02--segment-032,7a46a811b333f9638d310754b0e77a4da58d28b60963710ddce3ec25d5eb1d1c,homer-iliad,homer-iliad-grc-monro-allen-perseus,homer-iliad-en-butler-pg2199,2,32,32,2.496,2.507,12,,,,,,,"οἵ θʼ Ὑρίην ἐνέμοντο καὶ Αὐλίδα πετρήεσσαν
Σχοῖνόν τε Σκῶλόν τε πολύκνημόν τʼ Ἐτεωνόν,
Θέσπειαν Γραῖάν τε καὶ εὐρύχορον Μυκαλησσόν,
οἵ τʼ ἀμφʼ Ἅρμʼ ἐνέμοντο καὶ Εἰλέσιον καὶ Ἐρυθράς,
οἵ τʼ Ἐλεῶνʼ εἶχον ἠδʼ Ὕλην καὶ Πετεῶνα,
Ὠκαλέην Μεδεῶνά τʼ ἐϋκτίμενον πτολίεθρον,
Κώπας Εὔτρησίν τε πολυτρήρωνά τε Θίσβην,
οἵ τε Κορώνειαν καὶ ποιήενθʼ Ἁλίαρτον,
οἵ τε Πλάταιαν ἔχον ἠδʼ οἳ Γλισᾶντʼ ἐνέμοντο,
οἵ θʼ Ὑποθήβας εἶχον ἐϋκτίμενον πτολίεθρον,
Ὀγχηστόν θʼ ἱερὸν Ποσιδήϊον ἀγλαὸν ἄλσος,
οἵ τε πολυστάφυλον Ἄρνην ἔχον, οἵ τε Μίδειαν","And now, O Muses, dwellers in the mansions of Olympus, tell
      me—for you are goddesses and are in all places so that you see
      all things, while we know nothing but by report—who were the
      chiefs and princes of the Danaans? As for the common soldiers,
      they were so that I could not name every single one of them
      though I had ten tongues, and though my voice failed not and my
      heart were of bronze within me, unless you, O Olympian Muses,
      daughters of aegis-bearing Jove, were to recount them to me.
      Nevertheless, I will tell the captains of the ships and all the
      fleet together.",pending_human_review,no,excluded_until_completed_review
homer-iliad-grc-monro-allen-perseus--homer-iliad-en-butler-pg2199--book-02--segment-033,7a46a811b333f9638d310754b0e77a4da58d28b60963710ddce3ec25d5eb1d1c,homer-iliad,homer-iliad-grc-monro-allen-perseus,homer-iliad-en-butler-pg2199,2,33,33,2.508,2.521,14,,,,,,,"Νῖσάν τε ζαθέην Ἀνθηδόνα τʼ ἐσχατόωσαν·
τῶν μὲν πεντήκοντα νέες κίον, ἐν δὲ ἑκάστῃ
κοῦροι Βοιωτῶν ἑκατὸν καὶ εἴκοσι βαῖνον.
οἳ δʼ Ἀσπληδόνα ναῖον ἰδʼ Ὀρχομενὸν Μινύειον,
τῶν ἦρχʼ Ἀσκάλαφος καὶ Ἰάλμενος υἷες Ἄρηος
οὓς τέκεν Ἀστυόχη δόμῳ Ἄκτορος Ἀζεΐδαο,
παρθένος αἰδοίη ὑπερώϊον εἰσαναβᾶσα
Ἄρηϊ κρατερῷ· ὃ δέ οἱ παρελέξατο λάθρῃ·
τοῖς δὲ τριήκοντα γλαφυραὶ νέες ἐστιχόωντο.
αὐτὰρ Φωκήων Σχεδίος καὶ Ἐπίστροφος ἦρχον
υἷες Ἰφίτου μεγαθύμου Ναυβολίδαο,
οἳ Κυπάρισσον ἔχον Πυθῶνά τε πετρήεσσαν
Κρῖσάν τε ζαθέην καὶ Δαυλίδα καὶ Πανοπῆα,
οἵ τʼ Ἀνεμώρειαν καὶ Ὑάμπολιν ἀμφενέμοντο,","Peneleos, Leitus, Arcesilaus, Prothoenor, and Clonius were
      captains of the Boeotians. These were they that dwelt in Hyria
      and rocky Aulis, and who held Schoenus, Scolus, and the highlands
      of Eteonus, with Thespeia, Graia, and the fair city of
      Mycalessus. They also held Harma, Eilesium, and Erythrae; and
      they had Eleon, Hyle, and Peteon; Ocalea and the strong fortress
      of Medeon; Copae, Eutresis, and Thisbe the haunt of doves;
      Coronea, and the pastures of Haliartus; Plataea and Glisas; the
      fortress of Thebes the less; holy Onchestus with its famous grove
      of Neptune; Arne rich in vineyards; Midea, sacred Nisa, and
      Anthedon upon the sea. From these there came fifty ships, and in
      each there were a hundred and twenty young men of the Boeotians.",pending_human_review,no,excluded_until_completed_review
homer-iliad-grc-monro-allen-perseus--homer-iliad-en-butler-pg2199--book-02--segment-034,7a46a811b333f9638d310754b0e77a4da58d28b60963710ddce3ec25d5eb1d1c,homer-iliad,homer-iliad-grc-monro-allen-perseus,homer-iliad-en-butler-pg2199,2,34,34,2.522,2.527,6,,,,,,,"οἵ τʼ ἄρα πὰρ ποταμὸν Κηφισὸν δῖον ἔναιον,
οἵ τε Λίλαιαν ἔχον πηγῇς ἔπι Κηφισοῖο·
τοῖς δʼ ἅμα τεσσαράκοντα μέλαιναι νῆες ἕποντο.
οἳ μὲν Φωκήων στίχας ἵστασαν ἀμφιέποντες,
Βοιωτῶν δʼ ἔμπλην ἐπʼ ἀριστερὰ θωρήσσοντο.
Λοκρῶν δʼ ἡγεμόνευεν Ὀϊλῆος ταχὺς Αἴας","Ascalaphus and Ialmenus, sons of Mars, led the people that dwelt
      in Aspledon and Orchomenus the realm of Minyas. Astyoche a noble
      maiden bore them in the house of Actor son of Azeus; for she had
      gone with Mars secretly into an upper chamber, and he had lain
      with her. With these there came thirty ships.",pending_human_review,no,excluded_until_completed_review
homer-iliad-grc-monro-allen-perseus--homer-iliad-en-butler-pg2199--book-02--segment-035,7a46a811b333f9638d310754b0e77a4da58d28b60963710ddce3ec25d5eb1d1c,homer-iliad,homer-iliad-grc-monro-allen-perseus,homer-iliad-en-butler-pg2199,2,35,35,2.528,2.536,9,,,,,,,"μείων, οὔ τι τόσος γε ὅσος Τελαμώνιος Αἴας
ἀλλὰ πολὺ μείων· ὀλίγος μὲν ἔην λινοθώρηξ,
ἐγχείῃ δʼ ἐκέκαστο Πανέλληνας καὶ Ἀχαιούς·
οἳ Κῦνόν τʼ ἐνέμοντʼ Ὀπόεντά τε Καλλίαρόν τε
Βῆσσάν τε Σκάρφην τε καὶ Αὐγειὰς ἐρατεινὰς
Τάρφην τε Θρόνιον τε Βοαγρίου ἀμφὶ ῥέεθρα·
τῷ δʼ ἅμα τεσσαράκοντα μέλαιναι νῆες ἕποντο
Λοκρῶν, οἳ ναίουσι πέρην ἱερῆς Εὐβοίης.
οἳ δʼ Εὔβοιαν ἔχον μένεα πνείοντες Ἄβαντες","The Phoceans were led by Schedius and Epistrophus, sons of mighty
      Iphitus the son of Naubolus. These were they that held
      Cyparissus, rocky Pytho, holy Crisa, Daulis, and Panopeus; they
      also that dwelt in Anemorea and Hyampolis, and about the waters
      of the river Cephissus, and Lilaea by the springs of the
      Cephissus; with their chieftains came forty ships, and they
      marshalled the forces of the Phoceans, which were stationed next
      to the Boeotians, on their left.",pending_human_review,no,excluded_until_completed_review
homer-iliad-grc-monro-allen-perseus--homer-iliad-en-butler-pg2199--book-02--segment-036,7a46a811b333f9638d310754b0e77a4da58d28b60963710ddce3ec25d5eb1d1c,homer-iliad,homer-iliad-grc-monro-allen-perseus,homer-iliad-en-butler-pg2199,2,36,36,2.537,2.545,9,,,,,,,"Χαλκίδα τʼ Εἰρέτριάν τε πολυστάφυλόν θʼ Ἱστίαιαν
Κήρινθόν τʼ ἔφαλον Δίου τʼ αἰπὺ πτολίεθρον,
οἵ τε Κάρυστον ἔχον ἠδʼ οἳ Στύρα ναιετάασκον,
τῶν αὖθʼ ἡγεμόνευʼ Ἐλεφήνωρ ὄζος Ἄρηος
Χαλκωδοντιάδης μεγαθύμων ἀρχὸς Ἀβάντων.
τῷ δʼ ἅμʼ Ἄβαντες ἕποντο θοοὶ ὄπιθεν κομόωντες
αἰχμηταὶ μεμαῶτες ὀρεκτῇσιν μελίῃσι
θώρηκας ῥήξειν δηΐων ἀμφὶ στήθεσσι·
τῷ δʼ ἅμα τεσσαράκοντα μέλαιναι νῆες ἕποντο.","Ajax, the fleet son of Oileus, commanded the Locrians. He was not
      so great, nor nearly so great, as Ajax the son of Telamon. He was
      a little man, and his breastplate was made of linen, but in use
      of the spear he excelled all the Hellenes and the Achaeans. These
      dwelt in Cynus, Opous, Calliarus, Bessa, Scarphe, fair Augeae,
      Tarphe, and Thronium about the river Boagrius. With him there
      came forty ships of the Locrians who dwell beyond Euboea.",pending_human_review,no,excluded_until_completed_review
homer-iliad-grc-monro-allen-perseus--homer-iliad-en-butler-pg2199--book-02--segment-037,7a46a811b333f9638d310754b0e77a4da58d28b60963710ddce3ec25d5eb1d1c,homer-iliad,homer-iliad-grc-monro-allen-perseus,homer-iliad-en-butler-pg2199,2,37,37,2.546,2.555,10,,,,,,,"οἳ δʼ ἄρʼ Ἀθήνας εἶχον ἐϋκτίμενον πτολίεθρον
δῆμον Ἐρεχθῆος μεγαλήτορος, ὅν ποτʼ Ἀθήνη
θρέψε Διὸς θυγάτηρ, τέκε δὲ ζείδωρος ἄρουρα,
κὰδ δʼ ἐν Ἀθήνῃς εἷσεν ἑῷ ἐν πίονι νηῷ·
ἔνθα δέ μιν ταύροισι καὶ ἀρνειοῖς ἱλάονται
κοῦροι Ἀθηναίων περιτελλομένων ἐνιαυτῶν·
τῶν αὖθʼ ἡγεμόνευʼ υἱὸς Πετεῶο Μενεσθεύς.
τῷ δʼ οὔ πώ τις ὁμοῖος ἐπιχθόνιος γένετʼ ἀνὴρ
κοσμῆσαι ἵππους τε καὶ ἀνέρας ἀσπιδιώτας·
Νέστωρ οἶος ἔριζεν· ὃ γὰρ προγενέστερος ἦεν·","The fierce Abantes held Euboea with its cities, Chalcis, Eretria,
      Histiaea rich in vines, Cerinthus upon the sea, and the
      rock-perched town of Dium; with them were also the men of
      Carystus and Styra; Elephenor of the race of Mars was in command
      of these; he was son of Chalcodon, and chief over all the
      Abantes. With him they came, fleet of foot and wearing their hair
      long behind, brave warriors, who would ever strive to tear open
      the corslets of their foes with their long ashen spears. Of these
      there came fifty ships.",pending_human_review,no,excluded_until_completed_review
homer-iliad-grc-monro-allen-perseus--homer-iliad-en-butler-pg2199--book-02--segment-038,7a46a811b333f9638d310754b0e77a4da58d28b60963710ddce3ec25d5eb1d1c,homer-iliad,homer-iliad-grc-monro-allen-perseus,homer-iliad-en-butler-pg2199,2,38,38,2.556,2.565,10,,,,,,,"τῷ δʼ ἅμα πεντήκοντα μέλαιναι νῆες ἕποντο.
Αἴας δʼ ἐκ Σαλαμῖνος ἄγεν δυοκαίδεκα νῆας,
στῆσε δʼ ἄγων ἵνʼ Ἀθηναίων ἵσταντο φάλαγγες.
οἳ δʼ Ἄργός τʼ εἶχον Τίρυνθά τε τειχιόεσσαν
Ἑρμιόνην Ἀσίνην τε, βαθὺν κατὰ κόλπον ἐχούσας,
Τροιζῆνʼ Ἠϊόνας τε καὶ ἀμπελόεντʼ Ἐπίδαυρον,
οἵ τʼ ἔχον Αἴγιναν Μάσητά τε κοῦροι Ἀχαιῶν,
τῶν αὖθʼ ἡγεμόνευε βοὴν ἀγαθὸς Διομήδης
καὶ Σθένελος, Καπανῆος ἀγακλειτοῦ φίλος υἱός·
τοῖσι δʼ ἅμʼ Εὐρύαλος τρίτατος κίεν ἰσόθεος φὼς","And they that held the strong city of Athens, the people of great
      Erechtheus, who was born of the soil itself, but Jove’s daughter,
      Minerva, fostered him, and established him at Athens in her own
      rich sanctuary. There, year by year, the Athenian youths worship
      him with sacrifices of bulls and rams. These were commanded by
      Menestheus, son of Peteos. No man living could equal him in the
      marshalling of chariots and foot soldiers. Nestor could alone
      rival him, for he was older. With him there came fifty ships.",pending_human_review,no,excluded_until_completed_review
homer-iliad-grc-monro-allen-perseus--homer-iliad-en-butler-pg2199--book-02--segment-039,7a46a811b333f9638d310754b0e77a4da58d28b60963710ddce3ec25d5eb1d1c,homer-iliad,homer-iliad-grc-monro-allen-perseus,homer-iliad-en-butler-pg2199,2,39,39,2.566,2.566,1,,,,,,,Μηκιστέος υἱὸς Ταλαϊονίδαο ἄνακτος·,"Ajax brought twelve ships from Salamis, and stationed them
      alongside those of the Athenians.",pending_human_review,no,excluded_until_completed_review
homer-iliad-grc-monro-allen-perseus--homer-iliad-en-butler-pg2199--book-02--segment-040,7a46a811b333f9638d310754b0e77a4da58d28b60963710ddce3ec25d5eb1d1c,homer-iliad,homer-iliad-grc-monro-allen-perseus,homer-iliad-en-butler-pg2199,2,40,40,2.567,2.575,9,,,,,,,"συμπάντων δʼ ἡγεῖτο βοὴν ἀγαθὸς Διομήδης·
τοῖσι δʼ ἅμʼ ὀγδώκοντα μέλαιναι νῆες ἕποντο.
οἳ δὲ Μυκήνας εἶχον ἐϋκτίμενον πτολίεθρον
ἀφνειόν τε Κόρινθον ἐϋκτιμένας τε Κλεωνάς,
Ὀρνειάς τʼ ἐνέμοντο Ἀραιθυρέην τʼ ἐρατεινὴν
καὶ Σικυῶνʼ, ὅθʼ ἄρʼ Ἄδρηστος πρῶτʼ ἐμβασίλευεν,
οἵ θʼ Ὑπερησίην τε καὶ αἰπεινὴν Γονόεσσαν
Πελλήνην τʼ εἶχον ἠδʼ Αἴγιον ἀμφενέμοντο
Αἰγιαλόν τʼ ἀνὰ πάντα καὶ ἀμφʼ Ἑλίκην εὐρεῖαν,","The men of Argos, again, and those who held the walls of Tiryns,
      with Hermione, and Asine upon the gulf; Troezene, Eionae, and the
      vineyard lands of Epidaurus; the Achaean youths, moreover, who
      came from Aegina and Mases; these were led by Diomed of the loud
      battle-cry, and Sthenelus son of famed Capaneus. With them in
      command was Euryalus, son of king Mecisteus, son of Talaus; but
      Diomed was chief over them all. With these there came eighty
      ships.",pending_human_review,no,excluded_until_completed_review
homer-iliad-grc-monro-allen-perseus--homer-iliad-en-butler-pg2199--book-02--segment-041,7a46a811b333f9638d310754b0e77a4da58d28b60963710ddce3ec25d5eb1d1c,homer-iliad,homer-iliad-grc-monro-allen-perseus,homer-iliad-en-butler-pg2199,2,41,41,2.576,2.585,10,,,,,,,"τῶν ἑκατὸν νηῶν ἦρχε κρείων Ἀγαμέμνων
Ἀτρεΐδης· ἅμα τῷ γε πολὺ πλεῖστοι καὶ ἄριστοι
λαοὶ ἕποντʼ· ἐν δʼ αὐτὸς ἐδύσετο νώροπα χαλκὸν
κυδιόων, πᾶσιν δὲ μετέπρεπεν ἡρώεσσιν
οὕνεκʼ ἄριστος ἔην πολὺ δὲ πλείστους ἄγε λαούς.
οἳ δʼ εἶχον κοίλην Λακεδαίμονα κητώεσσαν,
Φᾶρίν τε Σπάρτην τε πολυτρήρωνά τε Μέσσην,
Βρυσειάς τʼ ἐνέμοντο καὶ Αὐγειὰς ἐρατεινάς,
οἵ τʼ ἄρʼ Ἀμύκλας εἶχον Ἕλος τʼ ἔφαλον πτολίεθρον,
οἵ τε Λάαν εἶχον ἠδʼ Οἴτυλον ἀμφενέμοντο,","Those who held the strong city of Mycenae, rich Corinth and
      Cleonae; Orneae, Araethyrea, and Licyon, where Adrastus reigned
      of old; Hyperesia, high Gonoessa, and Pellene; Aegium and all the
      coast-land round about Helice; these sent a hundred ships under
      the command of King Agamemnon, son of Atreus. His force was far
      both finest and most numerous, and in their midst was the king
      himself, all glorious in his armour of gleaming bronze—foremost
      among the heroes, for he was the greatest king, and had most men
      under him.",pending_human_review,no,excluded_until_completed_review
homer-iliad-grc-monro-allen-perseus--homer-iliad-en-butler-pg2199--book-02--segment-042,7a46a811b333f9638d310754b0e77a4da58d28b60963710ddce3ec25d5eb1d1c,homer-iliad,homer-iliad-grc-monro-allen-perseus,homer-iliad-en-butler-pg2199,2,42,42,2.586,2.595,10,,,,,,,"τῶν οἱ ἀδελφεὸς ἦρχε βοὴν ἀγαθὸς Μενέλαος
ἑξήκοντα νεῶν· ἀπάτερθε δὲ θωρήσσοντο·
ἐν δʼ αὐτὸς κίεν ᾗσι προθυμίῃσι πεποιθὼς
ὀτρύνων πόλεμον δέ· μάλιστα δὲ ἵετο θυμῷ
τίσασθαι Ἑλένης ὁρμήματά τε στοναχάς τε.
οἳ δὲ Πύλον τʼ ἐνέμοντο καὶ Ἀρήνην ἐρατεινὴν
καὶ Θρύον Ἀλφειοῖο πόρον καὶ ἐΰκτιτον Αἰπὺ
καὶ Κυπαρισσήεντα καὶ Ἀμφιγένειαν ἔναιον
καὶ Πτελεὸν καὶ Ἕλος καὶ Δώριον, ἔνθά τε Μοῦσαι
ἀντόμεναι Θάμυριν τὸν Θρήϊκα παῦσαν ἀοιδῆς","And those that dwelt in Lacedaemon, lying low among the hills,
      Pharis, Sparta, with Messe the haunt of doves; Bryseae, Augeae,
      Amyclae, and Helos upon the sea; Laas, moreover, and Oetylus;
      these were led by Menelaus of the loud battle-cry, brother to
      Agamemnon, and of them there were sixty ships, drawn up apart
      from the others. Among them went Menelaus himself, strong in
      zeal, urging his men to fight; for he longed to avenge the toil
      and sorrow that he had suffered for the sake of Helen.",pending_human_review,no,excluded_until_completed_review
homer-iliad-grc-monro-allen-perseus--homer-iliad-en-butler-pg2199--book-02--segment-043,7a46a811b333f9638d310754b0e77a4da58d28b60963710ddce3ec25d5eb1d1c,homer-iliad,homer-iliad-grc-monro-allen-perseus,homer-iliad-en-butler-pg2199,2,43,43,2.596,2.607,12,,,,,,,"Οἰχαλίηθεν ἰόντα παρʼ Εὐρύτου Οἰχαλιῆος·
στεῦτο γὰρ εὐχόμενος νικησέμεν εἴ περ ἂν αὐταὶ
Μοῦσαι ἀείδοιεν κοῦραι Διὸς αἰγιόχοιο·
αἳ δὲ χολωσάμεναι πηρὸν θέσαν, αὐτὰρ ἀοιδὴν
θεσπεσίην ἀφέλοντο καὶ ἐκλέλαθον κιθαριστύν·
τῶν αὖθʼ ἡγεμόνευε Γερήνιος ἱππότα Νέστωρ·
τῷ δʼ ἐνενήκοντα γλαφυραὶ νέες ἐστιχόωντο.
οἳ δʼ ἔχον Ἀρκαδίην ὑπὸ Κυλλήνης ὄρος αἰπὺ
Αἰπύτιον παρὰ τύμβον ἵνʼ ἀνέρες ἀγχιμαχηταί,
οἳ Φενεόν τʼ ἐνέμοντο καὶ Ὀρχομενὸν πολύμηλον
Ῥίπην τε Στρατίην τε καὶ ἠνεμόεσσαν Ἐνίσπην
καὶ Τεγέην εἶχον καὶ Μαντινέην ἐρατεινὴν","The men of Pylos and Arene, and Thryum where is the ford of the
      river Alpheus; strong Aipy, Cyparisseis, and Amphigenea; Pteleum,
      Helos, and Dorium, where the Muses met Thamyris, and stilled his
      minstrelsy for ever. He was returning from Oechalia, where
      Eurytus lived and reigned, and boasted that he would surpass even
      the Muses, daughters of aegis-bearing Jove, if they should sing
      against him; whereon they were angry, and maimed him. They robbed
      him of his divine power of song, and thenceforth he could strike
      the lyre no more. These were commanded by Nestor, knight of
      Gerene, and with him there came ninety ships.",pending_human_review,no,excluded_until_completed_review
homer-iliad-grc-monro-allen-perseus--homer-iliad-en-butler-pg2199--book-02--segment-044,7a46a811b333f9638d310754b0e77a4da58d28b60963710ddce3ec25d5eb1d1c,homer-iliad,homer-iliad-grc-monro-allen-perseus,homer-iliad-en-butler-pg2199,2,44,44,2.608,2.617,10,,,,,,,"Στύμφηλόν τʼ εἶχον καὶ Παρρασίην ἐνέμοντο,
τῶν ἦρχʼ Ἀγκαίοιο πάϊς κρείων Ἀγαπήνωρ
ἑξήκοντα νεῶν· πολέες δʼ ἐν νηῒ ἑκάστῃ
Ἀρκάδες ἄνδρες ἔβαινον ἐπιστάμενοι πολεμίζειν.
αὐτὸς γάρ σφιν δῶκεν ἄναξ ἀνδρῶν Ἀγαμέμνων
νῆας ἐϋσσέλμους περάαν ἐπὶ οἴνοπα πόντον
Ἀτρεΐδης, ἐπεὶ οὔ σφι θαλάσσια ἔργα μεμήλει.
οἳ δʼ ἄρα Βουπράσιόν τε καὶ Ἤλιδα δῖαν ἔναιον
ὅσσον ἐφʼ Ὑρμίνη καὶ Μύρσινος ἐσχατόωσα
πέτρη τʼ Ὠλενίη καὶ Ἀλήσιον ἐντὸς ἐέργει,","And those that held Arcadia, under the high mountain of Cyllene,
      near the tomb of Aepytus, where the people fight hand to hand;
      the men of Pheneus also, and Orchomenus rich in flocks; of
      Rhipae, Stratie, and bleak Enispe; of Tegea and fair Mantinea; of
      Stymphelus and Parrhasia; of these King Agapenor son of Ancaeus
      was commander, and they had sixty ships. Many Arcadians, good
      soldiers, came in each one of them, but Agamemnon found them the
      ships in which to cross the sea, for they were not a people that
      occupied their business upon the waters.",pending_human_review,no,excluded_until_completed_review
homer-iliad-grc-monro-allen-perseus--homer-iliad-en-butler-pg2199--book-02--segment-045,7a46a811b333f9638d310754b0e77a4da58d28b60963710ddce3ec25d5eb1d1c,homer-iliad,homer-iliad-grc-monro-allen-perseus,homer-iliad-en-butler-pg2199,2,45,45,2.618,2.626,9,,,,,,,"τῶν αὖ τέσσαρες ἀρχοὶ ἔσαν, δέκα δʼ ἀνδρὶ ἑκάστῳ
νῆες ἕποντο θοαί, πολέες δʼ ἔμβαινον Ἐπειοί.
τῶν μὲν ἄρʼ Ἀμφίμαχος καὶ Θάλπιος ἡγησάσθην
υἷες ὃ μὲν Κτεάτου, ὃ δʼ ἄρʼ Εὐρύτου, Ἀκτορίωνε·
τῶν δʼ Ἀμαρυγκεΐδης ἦρχε κρατερὸς Διώρης·
τῶν δὲ τετάρτων ἦρχε Πολύξεινος θεοειδὴς
υἱὸς Ἀγασθένεος Αὐγηϊάδαο ἄνακτος.
οἳ δʼ ἐκ Δουλιχίοιο Ἐχινάων θʼ ἱεράων
νήσων, αἳ ναίουσι πέρην ἁλὸς Ἤλιδος ἄντα,","The men, moreover, of Buprasium and of Elis, so much of it as is
      enclosed between Hyrmine, Myrsinus upon the sea-shore, the rock
      Olene and Alesium. These had four leaders, and each of them had
      ten ships, with many Epeans on board. Their captains were
      Amphimachus and Thalpius—the one, son of Cteatus, and the other,
      of Eurytus—both of the race of Actor. The two others were Diores,
      son of Amarynceus, and Polyxenus, son of King Agasthenes, son of
      Augeas.",pending_human_review,no,excluded_until_completed_review
homer-iliad-grc-monro-allen-perseus--homer-iliad-en-butler-pg2199--book-02--segment-046,7a46a811b333f9638d310754b0e77a4da58d28b60963710ddce3ec25d5eb1d1c,homer-iliad,homer-iliad-grc-monro-allen-perseus,homer-iliad-en-butler-pg2199,2,46,46,2.627,2.632,6,,,,,,,"τῶν αὖθʼ ἡγεμόνευε Μέγης ἀτάλαντος Ἄρηϊ
Φυλεΐδης, ὃν τίκτε Διῒ φίλος ἱππότα Φυλεύς,
ὅς ποτε Δουλίχιον δʼ ἀπενάσσατο πατρὶ χολωθείς·
τῷ δʼ ἅμα τεσσαράκοντα μέλαιναι νῆες ἕποντο.
αὐτὰρ Ὀδυσσεὺς ἦγε Κεφαλλῆνας μεγαθύμους,
οἵ ῥʼ Ἰθάκην εἶχον καὶ Νήριτον εἰνοσίφυλλον","And those of Dulichium with the sacred Echinean islands, who
      dwelt beyond the sea off Elis; these were led by Meges, peer of
      Mars, and the son of valiant Phyleus, dear to Jove, who
      quarrelled with his father, and went to settle in Dulichium. With
      him there came forty ships.",pending_human_review,no,excluded_until_completed_review
homer-iliad-grc-monro-allen-perseus--homer-iliad-en-butler-pg2199--book-02--segment-047,7a46a811b333f9638d310754b0e77a4da58d28b60963710ddce3ec25d5eb1d1c,homer-iliad,homer-iliad-grc-monro-allen-perseus,homer-iliad-en-butler-pg2199,2,47,47,2.633,2.637,5,,,,,,,"καὶ Κροκύλειʼ ἐνέμοντο καὶ Αἰγίλιπα τρηχεῖαν,
οἵ τε Ζάκυνθον ἔχον ἠδʼ οἳ Σάμον ἀμφενέμοντο,
οἵ τʼ ἤπειρον ἔχον ἠδʼ ἀντιπέραιʼ ἐνέμοντο·
τῶν μὲν Ὀδυσσεὺς ἦρχε Διὶ μῆτιν ἀτάλαντος·
τῷ δʼ ἅμα νῆες ἕποντο δυώδεκα μιλτοπάρῃοι.","Ulysses led the brave Cephallenians, who held Ithaca, Neritum
      with its forests, Crocylea, rugged Aegilips, Samos and Zacynthus,
      with the mainland also that was over against the islands. These
      were led by Ulysses, peer of Jove in counsel, and with him there
      came twelve ships.",pending_human_review,no,excluded_until_completed_review
homer-iliad-grc-monro-allen-perseus--homer-iliad-en-butler-pg2199--book-02--segment-048,7a46a811b333f9638d310754b0e77a4da58d28b60963710ddce3ec25d5eb1d1c,homer-iliad,homer-iliad-grc-monro-allen-perseus,homer-iliad-en-butler-pg2199,2,48,48,2.638,2.643,6,,,,,,,"Αἰτωλῶν δʼ ἡγεῖτο Θόας Ἀνδραίμονος υἱός,
οἳ Πλευρῶνʼ ἐνέμοντο καὶ Ὤλενον ἠδὲ Πυλήνην
Χαλκίδα τʼ ἀγχίαλον Καλυδῶνά τε πετρήεσσαν·
οὐ γὰρ ἔτʼ Οἰνῆος μεγαλήτορος υἱέες ἦσαν,
οὐδʼ ἄρʼ ἔτʼ αὐτὸς ἔην, θάνε δὲ ξανθὸς Μελέαγρος·
τῷ δʼ ἐπὶ πάντʼ ἐτέταλτο ἀνασσέμεν Αἰτωλοῖσι·","Thoas, son of Andraemon, commanded the Aetolians, who dwelt in
      Pleuron, Olenus, Pylene, Chalcis by the sea, and rocky Calydon,
      for the great king Oeneus had now no sons living, and was himself
      dead, as was also golden-haired Meleager, who had been set over
      the Aetolians to be their king. And with Thoas there came forty
      ships.",pending_human_review,no,excluded_until_completed_review
homer-iliad-grc-monro-allen-perseus--homer-iliad-en-butler-pg2199--book-02--segment-049,7a46a811b333f9638d310754b0e77a4da58d28b60963710ddce3ec25d5eb1d1c,homer-iliad,homer-iliad-grc-monro-allen-perseus,homer-iliad-en-butler-pg2199,2,49,49,2.644,2.651,8,,,,,,,"τῷ δʼ ἅμα τεσσαράκοντα μέλαιναι νῆες ἕποντο.
Κρητῶν δʼ Ἰδομενεὺς δουρὶ κλυτὸς ἡγεμόνευεν,
οἳ Κνωσόν τʼ εἶχον Γόρτυνά τε τειχιόεσσαν,
Λύκτον Μίλητόν τε καὶ ἀργινόεντα Λύκαστον
Φαιστόν τε Ῥύτιόν τε, πόλεις εὖ ναιετοώσας,
ἄλλοι θʼ οἳ Κρήτην ἑκατόμπολιν ἀμφενέμοντο.
τῶν μὲν ἄρʼ Ἰδομενεὺς δουρὶ κλυτὸς ἡγεμόνευε
Μηριόνης τʼ ἀτάλαντος Ἐνυαλίῳ ἀνδρειφόντῃ·","The famous spearsman Idomeneus led the Cretans, who held Cnossus,
      and the well-walled city of Gortys; Lyctus also, Miletus and
      Lycastus that lies upon the chalk; the populous towns of Phaestus
      and Rhytium, with the other peoples that dwelt in the hundred
      cities of Crete. All these were led by Idomeneus, and by
      Meriones, peer of murderous Mars. And with these there came
      eighty ships.",pending_human_review,no,excluded_until_completed_review
homer-iliad-grc-monro-allen-perseus--homer-iliad-en-butler-pg2199--book-02--segment-050,7a46a811b333f9638d310754b0e77a4da58d28b60963710ddce3ec25d5eb1d1c,homer-iliad,homer-iliad-grc-monro-allen-perseus,homer-iliad-en-butler-pg2199,2,50,50,2.652,2.669,18,,,,,,,"τοῖσι δʼ ἅμʼ ὀγδώκοντα μέλαιναι νῆες ἕποντο.
Τληπόλεμος δʼ Ἡρακλεΐδης ἠΰς τε μέγας τε
ἐκ Ῥόδου ἐννέα νῆας ἄγεν Ῥοδίων ἀγερώχων,
οἳ Ῥόδον ἀμφενέμοντο διὰ τρίχα κοσμηθέντες
Λίνδον Ἰηλυσόν τε καὶ ἀργινόεντα Κάμειρον.
τῶν μὲν Τληπόλεμος δουρὶ κλυτὸς ἡγεμόνευεν,
ὃν τέκεν Ἀστυόχεια βίῃ Ἡρακληείῃ,
τὴν ἄγετʼ ἐξ Ἐφύρης ποταμοῦ ἄπο Σελλήεντος
πέρσας ἄστεα πολλὰ διοτρεφέων αἰζηῶν.
Τληπόλεμος δʼ ἐπεὶ οὖν τράφʼ ἐνὶ μεγάρῳ εὐπήκτῳ,
αὐτίκα πατρὸς ἑοῖο φίλον μήτρωα κατέκτα
ἤδη γηράσκοντα Λικύμνιον ὄζον Ἄρηος·
αἶψα δὲ νῆας ἔπηξε, πολὺν δʼ ὅ γε λαὸν ἀγείρας
βῆ φεύγων ἐπὶ πόντον· ἀπείλησαν γάρ οἱ ἄλλοι
υἱέες υἱωνοί τε βίης Ἡρακληείης.
αὐτὰρ ὅ γʼ ἐς Ῥόδον ἷξεν ἀλώμενος ἄλγεα πάσχων·
τριχθὰ δὲ ᾤκηθεν καταφυλαδόν, ἠδὲ φίληθεν
ἐκ Διός, ὅς τε θεοῖσι καὶ ἀνθρώποισιν ἀνάσσει,","Tlepolemus, son of Hercules, a man both brave and large of
      stature, brought nine ships of lordly warriors from Rhodes. These
      dwelt in Rhodes which is divided among the three cities of
      Lindus, Ielysus, and Cameirus, that lies upon the chalk. These
      were commanded by Tlepolemus, son of Hercules by Astyochea, whom
      he had carried off from Ephyra, on the river Selleis, after
      sacking many cities of valiant warriors. When Tlepolemus grew up,
      he killed his father’s uncle Licymnius, who had been a famous
      warrior in his time, but was then grown old. On this he built
      himself a fleet, gathered a great following, and fled beyond the
      sea, for he was menaced by the other sons and grandsons of
      Hercules. After a voyage, during which he suffered great
      hardship, he came to Rhodes, where the people divided into three
      communities, according to their tribes, and were dearly loved by
      Jove, the lord of gods and men; wherefore the son of Saturn
      showered down great riches upon them.",pending_human_review,no,excluded_until_completed_review
homer-iliad-grc-monro-allen-perseus--homer-iliad-en-butler-pg2199--book-02--segment-051,7a46a811b333f9638d310754b0e77a4da58d28b60963710ddce3ec25d5eb1d1c,homer-iliad,homer-iliad-grc-monro-allen-perseus,homer-iliad-en-butler-pg2199,2,51,51,2.670,2.674,5,,,,,,,"καί σφιν θεσπέσιον πλοῦτον κατέχευε Κρονίων.
Νιρεὺς αὖ Σύμηθεν ἄγε τρεῖς νῆας ἐΐσας
Νιρεὺς Ἀγλαΐης υἱὸς Χαρόποιό τʼ ἄνακτος
Νιρεύς, ὃς κάλλιστος ἀνὴρ ὑπὸ Ἴλιον ἦλθε
τῶν ἄλλων Δαναῶν μετʼ ἀμύμονα Πηλεΐωνα·","And Nireus brought three ships from Syme—Nireus, who was the
      handsomest man that came up under Ilius of all the Danaans after
      the son of Peleus—but he was a man of no substance, and had but a
      small following.",pending_human_review,no,excluded_until_completed_review
homer-iliad-grc-monro-allen-perseus--homer-iliad-en-butler-pg2199--book-02--segment-052,7a46a811b333f9638d310754b0e77a4da58d28b60963710ddce3ec25d5eb1d1c,homer-iliad,homer-iliad-grc-monro-allen-perseus,homer-iliad-en-butler-pg2199,2,52,52,2.675,2.678,4,,,,,,,"ἀλλʼ ἀλαπαδνὸς ἔην, παῦρος δέ οἱ εἵπετο λαός.
οἳ δʼ ἄρα Νίσυρόν τʼ εἶχον Κράπαθόν τε Κάσον τε
καὶ Κῶν Εὐρυπύλοιο πόλιν νήσους τε Καλύδνας,
τῶν αὖ Φείδιππός τε καὶ Ἄντιφος ἡγησάσθην","And those that held Nisyrus, Crapathus, and Casus, with Cos, the
      city of Eurypylus, and the Calydnian islands, these were
      commanded by Pheidippus and Antiphus, two sons of King Thessalus
      the son of Hercules. And with them there came thirty ships.",pending_human_review,no,excluded_until_completed_review
homer-iliad-grc-monro-allen-perseus--homer-iliad-en-butler-pg2199--book-02--segment-053,7a46a811b333f9638d310754b0e77a4da58d28b60963710ddce3ec25d5eb1d1c,homer-iliad,homer-iliad-grc-monro-allen-perseus,homer-iliad-en-butler-pg2199,2,53,53,2.679,2.691,13,,,,,,,"Θεσσαλοῦ υἷε δύω Ἡρακλεΐδαο ἄνακτος·
τοῖς δὲ τριήκοντα γλαφυραὶ νέες ἐστιχόωντο.
νῦν αὖ τοὺς ὅσσοι τὸ Πελασγικὸν Ἄργος ἔναιον,
οἵ τʼ Ἄλον οἵ τʼ Ἀλόπην οἵ τε Τρηχῖνα νέμοντο,
οἵ τʼ εἶχον Φθίην ἠδʼ Ἑλλάδα καλλιγύναικα,
Μυρμιδόνες δὲ καλεῦντο καὶ Ἕλληνες καὶ Ἀχαιοί,
τῶν αὖ πεντήκοντα νεῶν ἦν ἀρχὸς Ἀχιλλεύς.
ἀλλʼ οἵ γʼ οὐ πολέμοιο δυσηχέος ἐμνώοντο·
οὐ γὰρ ἔην ὅς τίς σφιν ἐπὶ στίχας ἡγήσαιτο·
κεῖτο γὰρ ἐν νήεσσι ποδάρκης δῖος Ἀχιλλεὺς
κούρης χωόμενος Βρισηΐδος ἠϋκόμοιο,
τὴν ἐκ Λυρνησσοῦ ἐξείλετο πολλὰ μογήσας
Λυρνησσὸν διαπορθήσας καὶ τείχεα Θήβης,","Those again who held Pelasgic Argos, Alos, Alope, and Trachis;
      and those of Phthia and Hellas the land of fair women, who were
      called Myrmidons, Hellenes, and Achaeans; these had fifty ships,
      over which Achilles was in command. But they now took no part in
      the war, inasmuch as there was no one to marshal them; for
      Achilles stayed by his ships, furious about the loss of the girl
      Briseis, whom he had taken from Lyrnessus at his own great peril,
      when he had sacked Lyrnessus and Thebe, and had overthrown Mynes
      and Epistrophus, sons of king Evenor, son of Selepus. For her
      sake Achilles was still grieving, but ere long he was again to
      join them.",pending_human_review,no,excluded_until_completed_review
homer-iliad-grc-monro-allen-perseus--homer-iliad-en-butler-pg2199--book-02--segment-054,7a46a811b333f9638d310754b0e77a4da58d28b60963710ddce3ec25d5eb1d1c,homer-iliad,homer-iliad-grc-monro-allen-perseus,homer-iliad-en-butler-pg2199,2,54,54,2.692,2.710,19,,,,,,,"κὰδ δὲ Μύνητʼ ἔβαλεν καὶ Ἐπίστροφον ἐγχεσιμώρους,
υἱέας Εὐηνοῖο Σεληπιάδαο ἄνακτος·
τῆς ὅ γε κεῖτʼ ἀχέων, τάχα δʼ ἀνστήσεσθαι ἔμελλεν.
οἳ δʼ εἶχον Φυλάκην καὶ Πύρασον ἀνθεμόεντα
Δήμητρος τέμενος, Ἴτωνά τε μητέρα μήλων,
ἀγχίαλόν τʼ Ἀντρῶνα ἰδὲ Πτελεὸν λεχεποίην,
τῶν αὖ Πρωτεσίλαος ἀρήϊος ἡγεμόνευε
ζωὸς ἐών· τότε δʼ ἤδη ἔχεν κάτα γαῖα μέλαινα.
τοῦ δὲ καὶ ἀμφιδρυφὴς ἄλοχος Φυλάκῃ ἐλέλειπτο
καὶ δόμος ἡμιτελής· τὸν δʼ ἔκτανε Δάρδανος ἀνὴρ
νηὸς ἀποθρῴσκοντα πολὺ πρώτιστον Ἀχαιῶν.
οὐδὲ μὲν οὐδʼ οἳ ἄναρχοι ἔσαν, πόθεόν γε μὲν ἀρχόν·
ἀλλά σφεας κόσμησε Ποδάρκης ὄζος Ἄρηος
Ἰφίκλου υἱὸς πολυμήλου Φυλακίδαο
αὐτοκασίγνητος μεγαθύμου Πρωτεσιλάου
ὁπλότερος γενεῇ· ὁ δʼ ἅμα πρότερος καὶ ἀρείων
ἥρως Πρωτεσίλαος ἀρήϊος· οὐδέ τι λαοὶ
δεύονθʼ ἡγεμόνος, πόθεόν γε μὲν ἐσθλὸν ἐόντα·
τῷ δʼ ἅμα τεσσαράκοντα μέλαιναι νῆες ἕποντο.","And those that held Phylace and the flowery meadows of Pyrasus,
      sanctuary of Ceres; Iton, the mother of sheep; Antrum upon the
      sea, and Pteleum that lies upon the grass lands. Of these brave
      Protesilaus had been captain while he was yet alive, but he was
      now lying under the earth. He had left a wife behind him in
      Phylace to tear her cheeks in sorrow, and his house was only half
      finished, for he was slain by a Dardanian warrior while leaping
      foremost of the Achaeans upon the soil of Troy. Still, though his
      people mourned their chieftain, they were not without a leader,
      for Podarces, of the race of Mars, marshalled them; he was son of
      Iphiclus, rich in sheep, who was the son of Phylacus, and he was
      own brother to Protesilaus, only younger, Protesilaus being at
      once the elder and the more valiant. So the people were not
      without a leader, though they mourned him whom they had lost.
      With him there came forty ships.",pending_human_review,no,excluded_until_completed_review
homer-iliad-grc-monro-allen-perseus--homer-iliad-en-butler-pg2199--book-02--segment-055,7a46a811b333f9638d310754b0e77a4da58d28b60963710ddce3ec25d5eb1d1c,homer-iliad,homer-iliad-grc-monro-allen-perseus,homer-iliad-en-butler-pg2199,2,55,55,2.711,2.714,4,,,,,,,"οἳ δὲ Φερὰς ἐνέμοντο παραὶ Βοιβηΐδα λίμνην
Βοίβην καὶ Γλαφύρας καὶ ἐϋκτιμένην Ἰαωλκόν,
τῶν ἦρχʼ Ἀδμήτοιο φίλος πάϊς ἕνδεκα νηῶν
Εὔμηλος, τὸν ὑπʼ Ἀδμήτῳ τέκε δῖα γυναικῶν","And those that held Pherae by the Boebean lake, with Boebe,
      Glaphyrae, and the populous city of Iolcus, these with their
      eleven ships were led by Eumelus, son of Admetus, whom Alcestis
      bore to him, loveliest of the daughters of Pelias.",pending_human_review,no,excluded_until_completed_review
homer-iliad-grc-monro-allen-perseus--homer-iliad-en-butler-pg2199--book-02--segment-056,7a46a811b333f9638d310754b0e77a4da58d28b60963710ddce3ec25d5eb1d1c,homer-iliad,homer-iliad-grc-monro-allen-perseus,homer-iliad-en-butler-pg2199,2,56,56,2.715,2.726,12,,,,,,,"Ἄλκηστις Πελίαο θυγατρῶν εἶδος ἀρίστη.
οἳ δʼ ἄρα Μηθώνην καὶ Θαυμακίην ἐνέμοντο
καὶ Μελίβοιαν ἔχον καὶ Ὀλιζῶνα τρηχεῖαν,
τῶν δὲ Φιλοκτήτης ἦρχεν τόξων ἐῢ εἰδὼς
ἑπτὰ νεῶν· ἐρέται δʼ ἐν ἑκάστῃ πεντήκοντα
ἐμβέβασαν τόξων εὖ εἰδότες ἶφι μάχεσθαι.
ἀλλʼ ὃ μὲν ἐν νήσῳ κεῖτο κρατέρʼ ἄλγεα πάσχων
Λήμνῳ ἐν ἠγαθέῃ, ὅθι μιν λίπον υἷες Ἀχαιῶν
ἕλκεϊ μοχθίζοντα κακῷ ὀλοόφρονος ὕδρου·
ἔνθʼ ὅ γε κεῖτʼ ἀχέων· τάχα δὲ μνήσεσθαι ἔμελλον
Ἀργεῖοι παρὰ νηυσὶ Φιλοκτήταο ἄνακτος.
οὐδὲ μὲν οὐδʼ οἳ ἄναρχοι ἔσαν, πόθεόν γε μὲν ἀρχόν·","And those that held Methone and Thaumacia, with Meliboea and
      rugged Olizon, these were led by the skilful archer Philoctetes,
      and they had seven ships, each with fifty oarsmen all of them
      good archers; but Philoctetes was lying in great pain in the
      Island of Lemnos, where the sons of the Achaeans left him, for he
      had been bitten by a poisonous water snake. There he lay sick and
      sorry, and full soon did the Argives come to miss him. But his
      people, though they felt his loss were not leaderless, for Medon,
      the bastard son of Oileus by Rhene, set them in array.",pending_human_review,no,excluded_until_completed_review
homer-iliad-grc-monro-allen-perseus--homer-iliad-en-butler-pg2199--book-02--segment-057,7a46a811b333f9638d310754b0e77a4da58d28b60963710ddce3ec25d5eb1d1c,homer-iliad,homer-iliad-grc-monro-allen-perseus,homer-iliad-en-butler-pg2199,2,57,57,2.727,2.731,5,,,,,,,"ἀλλὰ Μέδων κόσμησεν Ὀϊλῆος νόθος υἱός,
τόν ῥʼ ἔτεκεν Ῥήνη ὑπʼ Ὀϊλῆϊ πτολιπόρθῳ.
οἳ δʼ εἶχον Τρίκκην καὶ Ἰθώμην κλωμακόεσσαν,
οἵ τʼ ἔχον Οἰχαλίην πόλιν Εὐρύτου Οἰχαλιῆος,
τῶν αὖθʼ ἡγείσθην Ἀσκληπιοῦ δύο παῖδε","Those, again, of Tricca and the stony region of Ithome, and they
      that held Oechalia, the city of Oechalian Eurytus, these were
      commanded by the two sons of Aesculapius, skilled in the art of
      healing, Podalirius and Machaon. And with them there came thirty
      ships.",pending_human_review,no,excluded_until_completed_review
homer-iliad-grc-monro-allen-perseus--homer-iliad-en-butler-pg2199--book-02--segment-058,7a46a811b333f9638d310754b0e77a4da58d28b60963710ddce3ec25d5eb1d1c,homer-iliad,homer-iliad-grc-monro-allen-perseus,homer-iliad-en-butler-pg2199,2,58,58,2.732,2.735,4,,,,,,,"ἰητῆρʼ ἀγαθὼ Ποδαλείριος ἠδὲ Μαχάων·
τοῖς δὲ τριήκοντα γλαφυραὶ νέες ἐστιχόωντο.
οἳ δʼ ἔχον Ὀρμένιον, οἵ τε κρήνην Ὑπέρειαν,
οἵ τʼ ἔχον Ἀστέριον Τιτάνοιό τε λευκὰ κάρηνα,","The men, moreover, of Ormenius, and by the fountain of Hypereia,
      with those that held Asterius, and the white crests of Titanus,
      these were led by Eurypylus, the son of Euaemon, and with them
      there came forty ships.",pending_human_review,no,excluded_until_completed_review
homer-iliad-grc-monro-allen-perseus--homer-iliad-en-butler-pg2199--book-02--segment-059,7a46a811b333f9638d310754b0e77a4da58d28b60963710ddce3ec25d5eb1d1c,homer-iliad,homer-iliad-grc-monro-allen-perseus,homer-iliad-en-butler-pg2199,2,59,59,2.736,2.745,10,,,,,,,"τῶν ἦρχʼ Εὐρύπυλος Εὐαίμονος ἀγλαὸς υἱός·
τῷ δʼ ἅμα τεσσαράκοντα μέλαιναι νῆες ἕποντο.
οἳ δʼ Ἄργισσαν ἔχον καὶ Γυρτώνην ἐνέμοντο,
Ὄρθην Ἠλώνην τε πόλιν τʼ Ὀλοοσσόνα λευκήν,
τῶν αὖθʼ ἡγεμόνευε μενεπτόλεμος Πολυποίτης
υἱὸς Πειριθόοιο τὸν ἀθάνατος τέκετο Ζεύς·
τόν ῥʼ ὑπὸ Πειριθόῳ τέκετο κλυτὸς Ἱπποδάμεια
ἤματι τῷ ὅτε Φῆρας ἐτίσατο λαχνήεντας,
τοὺς δʼ ἐκ Πηλίου ὦσε καὶ Αἰθίκεσσι πέλασσεν·
οὐκ οἶος, ἅμα τῷ γε Λεοντεὺς ὄζος Ἄρηος","Those that held Argissa and Gyrtone, Orthe, Elone, and the white
      city of Oloosson, of these brave Polypoetes was leader. He was
      son of Pirithous, who was son of Jove himself, for Hippodameia
      bore him to Pirithous on the day when he took his revenge on the
      shaggy mountain savages and drove them from Mt. Pelion to the
      Aithices. But Polypoetes was not sole in command, for with him
      was Leonteus, of the race of Mars, who was son of Coronus, the
      son of Caeneus. And with these there came forty ships.",pending_human_review,no,excluded_until_completed_review
homer-iliad-grc-monro-allen-perseus--homer-iliad-en-butler-pg2199--book-02--segment-060,7a46a811b333f9638d310754b0e77a4da58d28b60963710ddce3ec25d5eb1d1c,homer-iliad,homer-iliad-grc-monro-allen-perseus,homer-iliad-en-butler-pg2199,2,60,60,2.746,2.753,8,,,,,,,"υἱὸς ὑπερθύμοιο Κορώνου Καινεΐδαο·
τοῖς δʼ ἅμα τεσσαράκοντα μέλαιναι νῆες ἕποντο.
Γουνεὺς δʼ ἐκ Κύφου ἦγε δύω καὶ εἴκοσι νῆας·
τῷ δʼ Ἐνιῆνες ἕποντο μενεπτόλεμοί τε Περαιβοὶ
οἳ περὶ Δωδώνην δυσχείμερον οἰκίʼ ἔθεντο,
οἵ τʼ ἀμφʼ ἱμερτὸν Τιταρησσὸν ἔργα νέμοντο
ὅς ῥʼ ἐς Πηνειὸν προΐει καλλίρροον ὕδωρ,
οὐδʼ ὅ γε Πηνειῷ συμμίσγεται ἀργυροδίνῃ,","Guneus brought two and twenty ships from Cyphus, and he was
      followed by the Enienes and the valiant Peraebi, who dwelt about
      wintry Dodona, and held the lands round the lovely river
      Titaresius, which sends its waters into the Peneus. They do not
      mingle with the silver eddies of the Peneus, but flow on the top
      of them like oil; for the Titaresius is a branch of dread Orcus
      and of the river Styx.",pending_human_review,no,excluded_until_completed_review
homer-iliad-grc-monro-allen-perseus--homer-iliad-en-butler-pg2199--book-02--segment-061,7a46a811b333f9638d310754b0e77a4da58d28b60963710ddce3ec25d5eb1d1c,homer-iliad,homer-iliad-grc-monro-allen-perseus,homer-iliad-en-butler-pg2199,2,61,61,2.754,2.757,4,,,,,,,"ἀλλά τέ μιν καθύπερθεν ἐπιρρέει ἠΰτʼ ἔλαιον·
ὅρκου γὰρ δεινοῦ Στυγὸς ὕδατός ἐστιν ἀπορρώξ.
Μαγνήτων δʼ ἦρχε Πρόθοος Τενθρηδόνος υἱός,
οἳ περὶ Πηνειὸν καὶ Πήλιον εἰνοσίφυλλον","Of the Magnetes, Prothous son of Tenthredon was commander. They
      were they that dwelt about the river Peneus and Mt. Pelion.
      Prothous, fleet of foot, was their leader, and with him there
      came forty ships.",pending_human_review,no,excluded_until_completed_review
homer-iliad-grc-monro-allen-perseus--homer-iliad-en-butler-pg2199--book-02--segment-062,7a46a811b333f9638d310754b0e77a4da58d28b60963710ddce3ec25d5eb1d1c,homer-iliad,homer-iliad-grc-monro-allen-perseus,homer-iliad-en-butler-pg2199,2,62,62,2.758,2.760,3,,,,,,,"ναίεσκον· τῶν μὲν Πρόθοος θοὸς ἡγεμόνευε,
τῷ δʼ ἅμα τεσσαράκοντα μέλαιναι νῆες ἕποντο.
οὗτοι ἄρʼ ἡγεμόνες Δαναῶν καὶ κοίρανοι ἦσαν·","Such were the chiefs and princes of the Danaans. Who, then, O
      Muse, was the foremost, whether man or horse, among those that
      followed after the sons of Atreus?",pending_human_review,no,excluded_until_completed_review
homer-iliad-grc-monro-allen-perseus--homer-iliad-en-butler-pg2199--book-02--segment-063,7a46a811b333f9638d310754b0e77a4da58d28b60963710ddce3ec25d5eb1d1c,homer-iliad,homer-iliad-grc-monro-allen-perseus,homer-iliad-en-butler-pg2199,2,63,63,2.761,2.778,18,,,,,,,"τίς τὰρ τῶν ὄχʼ ἄριστος ἔην σύ μοι ἔννεπε Μοῦσα
αὐτῶν ἠδʼ ἵππων, οἳ ἅμʼ Ἀτρεΐδῃσιν ἕποντο.
ἵπποι μὲν μέγʼ ἄρισται ἔσαν Φηρητιάδαο,
τὰς Εὔμηλος ἔλαυνε ποδώκεας ὄρνιθας ὣς
ὄτριχας οἰέτεας σταφύλῇ ἐπὶ νῶτον ἐΐσας·
τὰς ἐν Πηρείῃ θρέψʼ ἀργυρότοξος Ἀπόλλων
ἄμφω θηλείας, φόβον Ἄρηος φορεούσας.
ἀνδρῶν αὖ μέγʼ ἄριστος ἔην Τελαμώνιος Αἴας
ὄφρʼ Ἀχιλεὺς μήνιεν· ὃ γὰρ πολὺ φέρτατος ἦεν,
ἵπποι θʼ οἳ φορέεσκον ἀμύμονα Πηλεΐωνα.
ἀλλʼ ὃ μὲν ἐν νήεσσι κορωνίσι ποντοπόροισι
κεῖτʼ ἀπομηνίσας Ἀγαμέμνονι ποιμένι λαῶν
Ἀτρεΐδῃ· λαοὶ δὲ παρὰ ῥηγμῖνι θαλάσσης
δίσκοισιν τέρποντο καὶ αἰγανέῃσιν ἱέντες
τόξοισίν θʼ· ἵπποι δὲ παρʼ ἅρμασιν οἷσιν ἕκαστος
λωτὸν ἐρεπτόμενοι ἐλεόθρεπτόν τε σέλινον
ἕστασαν· ἅρματα δʼ εὖ πεπυκασμένα κεῖτο ἀνάκτων
ἐν κλισίῃς· οἳ δʼ ἀρχὸν ἀρηΐφιλον ποθέοντες","Of the horses, those of the son of Pheres were by far the finest.
      They were driven by Eumelus, and were as fleet as birds. They
      were of the same age and colour, and perfectly matched in height.
      Apollo, of the silver bow, had bred them in Perea—both of them
      mares, and terrible as Mars in battle. Of the men, Ajax, son of
      Telamon, was much the foremost so long as Achilles’ anger lasted,
      for Achilles excelled him greatly and he had also better horses;
      but Achilles was now holding aloof at his ships by reason of his
      quarrel with Agamemnon, and his people passed their time upon the
      sea-shore, throwing discs or aiming with spears at a mark, and in
      archery. Their horses stood each by his own chariot, champing
      lotus and wild celery. The chariots were housed under cover, but
      their owners, for lack of leadership, wandered hither and thither
      about the host and went not forth to fight.",pending_human_review,no,excluded_until_completed_review
homer-iliad-grc-monro-allen-perseus--homer-iliad-en-butler-pg2199--book-02--segment-064,7a46a811b333f9638d310754b0e77a4da58d28b60963710ddce3ec25d5eb1d1c,homer-iliad,homer-iliad-grc-monro-allen-perseus,homer-iliad-en-butler-pg2199,2,64,64,2.779,2.784,6,,,,,,,"φοίτων ἔνθα καὶ ἔνθα κατὰ στρατὸν οὐδὲ μάχοντο.
οἳ δʼ ἄρʼ ἴσαν ὡς εἴ τε πυρὶ χθὼν πᾶσα νέμοιτο·
γαῖα δʼ ὑπεστενάχιζε Διὶ ὣς τερπικεραύνῳ
χωομένῳ ὅτε τʼ ἀμφὶ Τυφωέϊ γαῖαν ἱμάσσῃ
εἰν Ἀρίμοις, ὅθι φασὶ Τυφωέος ἔμμεναι εὐνάς·
ὣς ἄρα τῶν ὑπὸ ποσσὶ μέγα στεναχίζετο γαῖα","Thus marched the host like a consuming fire, and the earth
      groaned beneath them when the lord of thunder is angry and lashes
      the land about Typhoeus among the Arimi, where they say Typhoeus
      lies. Even so did the earth groan beneath them as they sped over
      the plain.",pending_human_review,no,excluded_until_completed_review
homer-iliad-grc-monro-allen-perseus--homer-iliad-en-butler-pg2199--book-02--segment-065,7a46a811b333f9638d310754b0e77a4da58d28b60963710ddce3ec25d5eb1d1c,homer-iliad,homer-iliad-grc-monro-allen-perseus,homer-iliad-en-butler-pg2199,2,65,65,2.785,2.804,20,,,,,,,"ἐρχομένων· μάλα δʼ ὦκα διέπρησσον πεδίοιο.
Τρωσὶν δʼ ἄγγελος ἦλθε ποδήνεμος ὠκέα Ἶρις
πὰρ Διὸς αἰγιόχοιο σὺν ἀγγελίῃ ἀλεγεινῇ·
οἳ δʼ ἀγορὰς ἀγόρευον ἐπὶ Πριάμοιο θύρῃσι
πάντες ὁμηγερέες ἠμὲν νέοι ἠδὲ γέροντες·
ἀγχοῦ δʼ ἱσταμένη προσέφη πόδας ὠκέα Ἶρις·
εἴσατο δὲ φθογγὴν υἷϊ Πριάμοιο Πολίτῃ,
ὃς Τρώων σκοπὸς ἷζε ποδωκείῃσι πεποιθὼς
τύμβῳ ἐπʼ ἀκροτάτῳ Αἰσυήταο γέροντος,
δέγμενος ὁππότε ναῦφιν ἀφορμηθεῖεν Ἀχαιοί·
τῷ μιν ἐεισαμένη προσέφη πόδας ὠκέα Ἶρις·
ὦ γέρον αἰεί τοι μῦθοι φίλοι ἄκριτοί εἰσιν,
ὥς ποτʼ ἐπʼ εἰρήνης· πόλεμος δʼ ἀλίαστος ὄρωρεν.
ἤδη μὲν μάλα πολλὰ μάχας εἰσήλυθον ἀνδρῶν,
ἀλλʼ οὔ πω τοιόνδε τοσόνδέ τε λαὸν ὄπωπα·
λίην γὰρ φύλλοισιν ἐοικότες ἢ ψαμάθοισιν
ἔρχονται πεδίοιο μαχησόμενοι προτὶ ἄστυ.
Ἕκτορ σοὶ δὲ μάλιστʼ ἐπιτέλλομαι, ὧδε δὲ ῥέξαι·
πολλοὶ γὰρ κατὰ ἄστυ μέγα Πριάμου ἐπίκουροι,
ἄλλη δʼ ἄλλων γλῶσσα πολυσπερέων ἀνθρώπων·","And now Iris, fleet as the wind, was sent by Jove to tell the bad
      news among the Trojans. They were gathered in assembly, old and
      young, at Priam’s gates, and Iris came close up to Priam,
      speaking with the voice of Priam’s son Polites, who, being fleet
      of foot, was stationed as watchman for the Trojans on the tomb of
      old Aesyetes, to look out for any sally of the Achaeans. In his
      likeness Iris spoke, saying, “Old man, you talk idly, as in time
      of peace, while war is at hand. I have been in many a battle, but
      never yet saw such a host as is now advancing. They are crossing
      the plain to attack the city as thick as leaves or as the sands
      of the sea. Hector, I charge you above all others, do as I say.
      There are many allies dispersed about the city of Priam from
      distant places and speaking divers tongues. Therefore, let each
      chief give orders to his own people, setting them severally in
      array and leading them forth to battle.”",pending_human_review,no,excluded_until_completed_review
homer-iliad-grc-monro-allen-perseus--homer-iliad-en-butler-pg2199--book-02--segment-066,7a46a811b333f9638d310754b0e77a4da58d28b60963710ddce3ec25d5eb1d1c,homer-iliad,homer-iliad-grc-monro-allen-perseus,homer-iliad-en-butler-pg2199,2,66,66,2.805,2.809,5,,,,,,,"τοῖσιν ἕκαστος ἀνὴρ σημαινέτω οἷσί περ ἄρχει,
τῶν δʼ ἐξηγείσθω κοσμησάμενος πολιήτας.
ὣς ἔφαθʼ, Ἕκτωρ δʼ οὔ τι θεᾶς ἔπος ἠγνοίησεν,
αἶψα δʼ ἔλυσʼ ἀγορήν· ἐπὶ τεύχεα δʼ ἐσσεύοντο·
πᾶσαι δʼ ὠΐγνυντο πύλαι, ἐκ δʼ ἔσσυτο λαὸς","Thus she spoke, but Hector knew that it was the goddess, and at
      once broke up the assembly. The men flew to arms; all the gates
      were opened, and the people thronged through them, horse and
      foot, with the tramp as of a great multitude.",pending_human_review,no,excluded_until_completed_review
homer-iliad-grc-monro-allen-perseus--homer-iliad-en-butler-pg2199--book-02--segment-067,7a46a811b333f9638d310754b0e77a4da58d28b60963710ddce3ec25d5eb1d1c,homer-iliad,homer-iliad-grc-monro-allen-perseus,homer-iliad-en-butler-pg2199,2,67,67,2.810,2.813,4,,,,,,,"πεζοί θʼ ἱππῆές τε· πολὺς δʼ ὀρυμαγδὸς ὀρώρει.
ἔστι δέ τις προπάροιθε πόλιος αἰπεῖα κολώνη
ἐν πεδίῳ ἀπάνευθε περίδρομος ἔνθα καὶ ἔνθα,
τὴν ἤτοι ἄνδρες Βατίειαν κικλήσκουσιν,","Now there is a high mound before the city, rising by itself upon
      the plain. Men call it Batieia, but the gods know that it is the
      tomb of lithe Myrine. Here the Trojans and their allies divided
      their forces.",pending_human_review,no,excluded_until_completed_review
homer-iliad-grc-monro-allen-perseus--homer-iliad-en-butler-pg2199--book-02--segment-068,7a46a811b333f9638d310754b0e77a4da58d28b60963710ddce3ec25d5eb1d1c,homer-iliad,homer-iliad-grc-monro-allen-perseus,homer-iliad-en-butler-pg2199,2,68,68,2.814,2.817,4,,,,,,,"ἀθάνατοι δέ τε σῆμα πολυσκάρθμοιο Μυρίνης·
ἔνθα τότε Τρῶές τε διέκριθεν ἠδʼ ἐπίκουροι.
Τρωσὶ μὲν ἡγεμόνευε μέγας κορυθαίολος Ἕκτωρ
Πριαμίδης· ἅμα τῷ γε πολὺ πλεῖστοι καὶ ἄριστοι","Priam’s son, great Hector of the gleaming helmet, commanded the
      Trojans, and with him were arrayed by far the greater number and
      most valiant of those who were longing for the fray.",pending_human_review,no,excluded_until_completed_review
homer-iliad-grc-monro-allen-perseus--homer-iliad-en-butler-pg2199--book-02--segment-069,7a46a811b333f9638d310754b0e77a4da58d28b60963710ddce3ec25d5eb1d1c,homer-iliad,homer-iliad-grc-monro-allen-perseus,homer-iliad-en-butler-pg2199,2,69,69,2.818,2.822,5,,,,,,,"λαοὶ θωρήσσοντο μεμαότες ἐγχείῃσι.
Δαρδανίων αὖτʼ ἦρχεν ἐῢς πάϊς Ἀγχίσαο
Αἰνείας, τὸν ὑπʼ Ἀγχίσῃ τέκε δῖʼ Ἀφροδίτη
Ἴδης ἐν κνημοῖσι θεὰ βροτῷ εὐνηθεῖσα,
οὐκ οἶος, ἅμα τῷ γε δύω Ἀντήνορος υἷε","The Dardanians were led by brave Aeneas, whom Venus bore to
      Anchises, when she, goddess though she was, had lain with him
      upon the mountain slopes of Ida. He was not alone, for with him
      were the two sons of Antenor, Archelochus and Acamas, both
      skilled in all the arts of war.",pending_human_review,no,excluded_until_completed_review
homer-iliad-grc-monro-allen-perseus--homer-iliad-en-butler-pg2199--book-02--segment-070,7a46a811b333f9638d310754b0e77a4da58d28b60963710ddce3ec25d5eb1d1c,homer-iliad,homer-iliad-grc-monro-allen-perseus,homer-iliad-en-butler-pg2199,2,70,70,2.823,2.827,5,,,,,,,"Ἀρχέλοχός τʼ Ἀκάμας τε μάχης εὖ εἰδότε πάσης.
οἳ δὲ Ζέλειαν ἔναιον ὑπαὶ πόδα νείατον Ἴδης
ἀφνειοὶ πίνοντες ὕδωρ μέλαν Αἰσήποιο
Τρῶες, τῶν αὖτʼ ἦρχε Λυκάονος ἀγλαὸς υἱὸς
Πάνδαρος, ᾧ καὶ τόξον Ἀπόλλων αὐτὸς ἔδωκεν.","They that dwelt in Telea under the lowest spurs of Mt. Ida, men
      of substance, who drink the limpid waters of the Aesepus, and are
      of Trojan blood—these were led by Pandarus son of Lycaon, whom
      Apollo had taught to use the bow.",pending_human_review,no,excluded_until_completed_review
homer-iliad-grc-monro-allen-perseus--homer-iliad-en-butler-pg2199--book-02--segment-071,7a46a811b333f9638d310754b0e77a4da58d28b60963710ddce3ec25d5eb1d1c,homer-iliad,homer-iliad-grc-monro-allen-perseus,homer-iliad-en-butler-pg2199,2,71,71,2.828,2.834,7,,,,,,,"οἳ δʼ Ἀδρήστειάν τʼ εἶχον καὶ δῆμον Ἀπαισοῦ
καὶ Πιτύειαν ἔχον καὶ Τηρείης ὄρος αἰπύ,
τῶν ἦρχʼ Ἄδρηστός τε καὶ Ἄμφιος λινοθώρηξ
υἷε δύω Μέροπος Περκωσίου, ὃς περὶ πάντων
ᾔδεε μαντοσύνας, οὐδὲ οὓς παῖδας ἔασκε
στείχειν ἐς πόλεμον φθισήνορα· τὼ δέ οἱ οὔ τι
πειθέσθην· κῆρες γὰρ ἄγον μέλανος θανάτοιο.","They that held Adresteia and the land of Apaesus, with Pityeia,
      and the high mountain of Tereia—these were led by Adrestus and
      Amphius, whose breastplate was of linen. These were the sons of
      Merops of Percote, who excelled in all kinds of divination. He
      told them not to take part in the war, but they gave him no heed,
      for fate lured them to destruction.",pending_human_review,no,excluded_until_completed_review
homer-iliad-grc-monro-allen-perseus--homer-iliad-en-butler-pg2199--book-02--segment-072,7a46a811b333f9638d310754b0e77a4da58d28b60963710ddce3ec25d5eb1d1c,homer-iliad,homer-iliad-grc-monro-allen-perseus,homer-iliad-en-butler-pg2199,2,72,72,2.835,2.840,6,,,,,,,"οἳ δʼ ἄρα Περκώτην καὶ Πράκτιον ἀμφενέμοντο
καὶ Σηστὸν καὶ Ἄβυδον ἔχον καὶ δῖαν Ἀρίσβην,
τῶν αὖθʼ Ὑρτακίδης ἦρχʼ Ἄσιος ὄρχαμος ἀνδρῶν,
Ἄσιος Ὑρτακίδης ὃν Ἀρίσβηθεν φέρον ἵπποι
αἴθωνες μεγάλοι ποταμοῦ ἄπο Σελλήεντος.
Ἱππόθοος δʼ ἄγε φῦλα Πελασγῶν ἐγχεσιμώρων","They that dwelt about Percote and Practius, with Sestos, Abydos,
      and Arisbe—these were led by Asius, son of Hyrtacus, a brave
      commander—Asius, the son of Hyrtacus, whom his powerful dark bay
      steeds, of the breed that comes from the river Selleis, had
      brought from Arisbe.",pending_human_review,no,excluded_until_completed_review
homer-iliad-grc-monro-allen-perseus--homer-iliad-en-butler-pg2199--book-02--segment-073,7a46a811b333f9638d310754b0e77a4da58d28b60963710ddce3ec25d5eb1d1c,homer-iliad,homer-iliad-grc-monro-allen-perseus,homer-iliad-en-butler-pg2199,2,73,73,2.841,2.843,3,,,,,,,"τῶν οἳ Λάρισαν ἐριβώλακα ναιετάασκον·
τῶν ἦρχʼ Ἱππόθοός τε Πύλαιός τʼ ὄζος Ἄρηος,
υἷε δύω Λήθοιο Πελασγοῦ Τευταμίδαο.","Hippothous led the tribes of Pelasgian spearsmen, who dwelt in
      fertile Larissa—Hippothous, and Pylaeus of the race of Mars, two
      sons of the Pelasgian Lethus, son of Teutamus.",pending_human_review,no,excluded_until_completed_review
homer-iliad-grc-monro-allen-perseus--homer-iliad-en-butler-pg2199--book-02--segment-074,7a46a811b333f9638d310754b0e77a4da58d28b60963710ddce3ec25d5eb1d1c,homer-iliad,homer-iliad-grc-monro-allen-perseus,homer-iliad-en-butler-pg2199,2,74,74,2.844,2.845,2,,,,,,,"αὐτὰρ Θρήϊκας ἦγʼ Ἀκάμας καὶ Πείροος ἥρως
ὅσσους Ἑλλήσποντος ἀγάρροος ἐντὸς ἐέργει.","Acamas and the warrior Peirous commanded the Thracians and those
      that came from beyond the mighty stream of the Hellespont.",pending_human_review,no,excluded_until_completed_review
homer-iliad-grc-monro-allen-perseus--homer-iliad-en-butler-pg2199--book-02--segment-075,7a46a811b333f9638d310754b0e77a4da58d28b60963710ddce3ec25d5eb1d1c,homer-iliad,homer-iliad-grc-monro-allen-perseus,homer-iliad-en-butler-pg2199,2,75,75,2.846,2.847,2,,,,,,,"Εὔφημος δʼ ἀρχὸς Κικόνων ἦν αἰχμητάων
υἱὸς Τροιζήνοιο διοτρεφέος Κεάδαο.","Euphemus, son of Troezenus, the son of Ceos, was captain of the
      Ciconian spearsmen.",pending_human_review,no,excluded_until_completed_review
homer-iliad-grc-monro-allen-perseus--homer-iliad-en-butler-pg2199--book-02--segment-076,7a46a811b333f9638d310754b0e77a4da58d28b60963710ddce3ec25d5eb1d1c,homer-iliad,homer-iliad-grc-monro-allen-perseus,homer-iliad-en-butler-pg2199,2,76,76,2.848,2.849,2,,,,,,,"αὐτὰρ Πυραίχμης ἄγε Παίονας ἀγκυλοτόξους
τηλόθεν ἐξ Ἀμυδῶνος ἀπʼ Ἀξιοῦ εὐρὺ ῥέοντος,","Pyraechmes led the Paeonian archers from distant Amydon, by the
      broad waters of the river Axius, the fairest that flow upon the
      earth.",pending_human_review,no,excluded_until_completed_review
homer-iliad-grc-monro-allen-perseus--homer-iliad-en-butler-pg2199--book-02--segment-077,7a46a811b333f9638d310754b0e77a4da58d28b60963710ddce3ec25d5eb1d1c,homer-iliad,homer-iliad-grc-monro-allen-perseus,homer-iliad-en-butler-pg2199,2,77,77,2.850,2.853,4,,,,,,,"Ἀξιοῦ οὗ κάλλιστον ὕδωρ ἐπικίδναται αἶαν.
Παφλαγόνων δʼ ἡγεῖτο Πυλαιμένεος λάσιον κῆρ
ἐξ Ἐνετῶν, ὅθεν ἡμιόνων γένος ἀγροτεράων,
οἵ ῥα Κύτωρον ἔχον καὶ Σήσαμον ἀμφενέμοντο","The Paphlagonians were commanded by stout-hearted Pylaemanes from
      Enetae, where the mules run wild in herds. These were they that
      held Cytorus and the country round Sesamus, with the cities by
      the river Parthenius, Cromna, Aegialus, and lofty Erithini.",pending_human_review,no,excluded_until_completed_review
homer-iliad-grc-monro-allen-perseus--homer-iliad-en-butler-pg2199--book-02--segment-078,7a46a811b333f9638d310754b0e77a4da58d28b60963710ddce3ec25d5eb1d1c,homer-iliad,homer-iliad-grc-monro-allen-perseus,homer-iliad-en-butler-pg2199,2,78,78,2.854,2.855,2,,,,,,,"ἀμφί τε Παρθένιον ποταμὸν κλυτὰ δώματʼ ἔναιον
Κρῶμνάν τʼ Αἰγιαλόν τε καὶ ὑψηλοὺς Ἐρυθίνους.","Odius and Epistrophus were captains over the Halizoni from
      distant Alybe, where there are mines of silver.",pending_human_review,no,excluded_until_completed_review
homer-iliad-grc-monro-allen-perseus--homer-iliad-en-butler-pg2199--book-02--segment-079,7a46a811b333f9638d310754b0e77a4da58d28b60963710ddce3ec25d5eb1d1c,homer-iliad,homer-iliad-grc-monro-allen-perseus,homer-iliad-en-butler-pg2199,2,79,79,2.856,2.860,5,,,,,,,"αὐτὰρ Ἁλιζώνων Ὀδίος καὶ Ἐπίστροφος ἦρχον
τηλόθεν ἐξ Ἀλύβης, ὅθεν ἀργύρου ἐστὶ γενέθλη.
Μυσῶν δὲ Χρόμις ἦρχε καὶ Ἔννομος οἰωνιστής·
ἀλλʼ οὐκ οἰωνοῖσιν ἐρύσατο κῆρα μέλαιναν,
ἀλλʼ ἐδάμη ὑπὸ χερσὶ ποδώκεος Αἰακίδαο","Chromis, and Ennomus the augur, led the Mysians, but his skill in
      augury availed not to save him from destruction, for he fell by
      the hand of the fleet descendant of Aeacus in the river, where he
      slew others also of the Trojans.",pending_human_review,no,excluded_until_completed_review
homer-iliad-grc-monro-allen-perseus--homer-iliad-en-butler-pg2199--book-02--segment-080,7a46a811b333f9638d310754b0e77a4da58d28b60963710ddce3ec25d5eb1d1c,homer-iliad,homer-iliad-grc-monro-allen-perseus,homer-iliad-en-butler-pg2199,2,80,80,2.861,2.862,2,,,,,,,"ἐν ποταμῷ, ὅθι περ Τρῶας κεράϊζε καὶ ἄλλους.
Φόρκυς αὖ Φρύγας ἦγε καὶ Ἀσκάνιος θεοειδὴς","Phorcys, again, and noble Ascanius led the Phrygians from the far
      country of Ascania, and both were eager for the fray.",pending_human_review,no,excluded_until_completed_review
homer-iliad-grc-monro-allen-perseus--homer-iliad-en-butler-pg2199--book-02--segment-081,7a46a811b333f9638d310754b0e77a4da58d28b60963710ddce3ec25d5eb1d1c,homer-iliad,homer-iliad-grc-monro-allen-perseus,homer-iliad-en-butler-pg2199,2,81,81,2.863,2.865,3,,,,,,,"τῆλʼ ἐξ Ἀσκανίης· μέμασαν δʼ ὑσμῖνι μάχεσθαι.
Μῄοσιν αὖ Μέσθλης τε καὶ Ἄντιφος ἡγησάσθην
υἷε Ταλαιμένεος τὼ Γυγαίη τέκε λίμνη,","Mesthles and Antiphus commanded the Meonians, sons of Talaemenes,
      born to him of the Gygaean lake. These led the Meonians, who
      dwelt under Mt. Tmolus.",pending_human_review,no,excluded_until_completed_review
homer-iliad-grc-monro-allen-perseus--homer-iliad-en-butler-pg2199--book-02--segment-082,7a46a811b333f9638d310754b0e77a4da58d28b60963710ddce3ec25d5eb1d1c,homer-iliad,homer-iliad-grc-monro-allen-perseus,homer-iliad-en-butler-pg2199,2,82,82,2.866,2.875,10,,,,,,,"οἳ καὶ Μῄονας ἦγον ὑπὸ Τμώλῳ γεγαῶτας.
Νάστης αὖ Καρῶν ἡγήσατο βαρβαροφώνων,
οἳ Μίλητον ἔχον Φθιρῶν τʼ ὄρος ἀκριτόφυλλον
Μαιάνδρου τε ῥοὰς Μυκάλης τʼ αἰπεινὰ κάρηνα·
τῶν μὲν ἄρʼ Ἀμφίμαχος καὶ Νάστης ἡγησάσθην,
Νάστης Ἀμφίμαχός τε Νομίονος ἀγλαὰ τέκνα,
ὃς καὶ χρυσὸν ἔχων πόλεμον δʼ ἴεν ἠΰτε κούρη
νήπιος, οὐδέ τί οἱ τό γʼ ἐπήρκεσε λυγρὸν ὄλεθρον,
ἀλλʼ ἐδάμη ὑπὸ χερσὶ ποδώκεος Αἰακίδαο
ἐν ποταμῷ, χρυσὸν δʼ Ἀχιλεὺς ἐκόμισσε δαΐφρων.","Nastes led the Carians, men of a strange speech. These held
      Miletus and the wooded mountain of Phthires, with the water of
      the river Maeander and the lofty crests of Mt. Mycale. These were
      commanded by Nastes and Amphimachus, the brave sons of Nomion. He
      came into the fight with gold about him, like a girl; fool that
      he was, his gold was of no avail to save him, for he fell in the
      river by the hand of the fleet descendant of Aeacus, and Achilles
      bore away his gold.",pending_human_review,no,excluded_until_completed_review
homer-iliad-grc-monro-allen-perseus--homer-iliad-en-butler-pg2199--book-02--segment-083,7a46a811b333f9638d310754b0e77a4da58d28b60963710ddce3ec25d5eb1d1c,homer-iliad,homer-iliad-grc-monro-allen-perseus,homer-iliad-en-butler-pg2199,2,83,83,2.876,2.877,2,,,,,,,"Σαρπηδὼν δʼ ἦρχεν Λυκίων καὶ Γλαῦκος ἀμύμων
τηλόθεν ἐκ Λυκίης, Ξάνθου ἄπο δινήεντος.","Sarpedon and Glaucus led the Lycians from their distant land, by
      the eddying waters of the Xanthus.",pending_human_review,no,excluded_until_completed_review
