candidate_id,work_id,source_edition_id,translation_source_id,book,segment_index,alignment_level,proposal_method,source_start_ref,source_end_ref,source_line_count,source_editorially_deleted_line_count,target_paragraph,target_start_token,target_end_token,target_token_count,target_start_char,target_end_char,source_text,target_text,source_prepared_sha256,target_book_text_sha256,translation_prepared_sha256,proposal_status,review_status,paper_facing_eligible,analysis_status
homer-iliad-grc-monro-allen-perseus--homer-iliad-en-butler-pg2199--book-05--segment-001,homer-iliad,homer-iliad-grc-monro-allen-perseus,homer-iliad-en-butler-pg2199,5,1,source_line_range_to_translation_paragraph,proportional_translation_paragraph_tokens_v1,5.1,5.8,8,0,1,1,80,80,0,458,"ἔνθʼ αὖ Τυδεΐδῃ Διομήδεϊ Παλλὰς Ἀθήνη
δῶκε μένος καὶ θάρσος, ἵνʼ ἔκδηλος μετὰ πᾶσιν
Ἀργείοισι γένοιτο ἰδὲ κλέος ἐσθλὸν ἄροιτο·
δαῖέ οἱ ἐκ κόρυθός τε καὶ ἀσπίδος ἀκάματον πῦρ
ἀστέρʼ ὀπωρινῷ ἐναλίγκιον, ὅς τε μάλιστα
λαμπρὸν παμφαίνῃσι λελουμένος ὠκεανοῖο·
τοῖόν οἱ πῦρ δαῖεν ἀπὸ κρατός τε καὶ ὤμων,
ὦρσε δέ μιν κατὰ μέσσον ὅθι πλεῖστοι κλονέοντο.","Then Pallas Minerva put valour into the heart of Diomed, son of
      Tydeus, that he might excel all the other Argives, and cover
      himself with glory. She made a stream of fire flare from his
      shield and helmet like the star that shines most brilliantly in
      summer after its bath in the waters of Oceanus—even such a fire
      did she kindle upon his head and shoulders as she bade him speed
      into the thickest hurly-burly of the fight.",8c3449bb2b6522f93820f519976ada07a0dfa029c9e5597b455c7b7ac1a1cd48,4ec147676593e007e9cbe6dec965adfead4731454a92ba55330ed25334c963c5,a7ef38f74d3c43a294249f901921449f8c3366d0de0a846f5cd305ebd66f5854,machine_proposed_unreviewed,pending_human_review,no,excluded_until_human_review
homer-iliad-grc-monro-allen-perseus--homer-iliad-en-butler-pg2199--book-05--segment-002,homer-iliad,homer-iliad-grc-monro-allen-perseus,homer-iliad-en-butler-pg2199,5,2,source_line_range_to_translation_paragraph,proportional_translation_paragraph_tokens_v1,5.9,5.36,28,0,2,81,336,256,466,1948,"ἦν δέ τις ἐν Τρώεσσι Δάρης ἀφνειὸς ἀμύμων
ἱρεὺς Ἡφαίστοιο· δύω δέ οἱ υἱέες ἤστην
Φηγεὺς Ἰδαῖός τε μάχης εὖ εἰδότε πάσης.
τώ οἱ ἀποκρινθέντε ἐναντίω ὁρμηθήτην·
τὼ μὲν ἀφʼ ἵπποιιν, ὃ δʼ ἀπὸ χθονὸς ὄρνυτο πεζός.
οἳ δʼ ὅτε δὴ σχεδὸν ἦσαν ἐπʼ ἀλλήλοισιν ἰόντες
Φηγεύς ῥα πρότερος προΐει δολιχόσκιον ἔγχος·
Τυδεΐδεω δʼ ὑπὲρ ὦμον ἀριστερὸν ἤλυθʼ ἀκωκὴ
ἔγχεος, οὐδʼ ἔβαλʼ αὐτόν· ὃ δʼ ὕστερος ὄρνυτο χαλκῷ
Τυδεΐδης· τοῦ δʼ οὐχ ἅλιον βέλος ἔκφυγε χειρός,
ἀλλʼ ἔβαλε στῆθος μεταμάζιον, ὦσε δʼ ἀφʼ ἵππων.
Ἰδαῖος δʼ ἀπόρουσε λιπὼν περικαλλέα δίφρον,
οὐδʼ ἔτλη περιβῆναι ἀδελφειοῦ κταμένοιο·
οὐδὲ γὰρ οὐδέ κεν αὐτὸς ὑπέκφυγε κῆρα μέλαιναν,
ἀλλʼ Ἥφαιστος ἔρυτο, σάωσε δὲ νυκτὶ καλύψας,
ὡς δή οἱ μὴ πάγχυ γέρων ἀκαχήμενος εἴη.
ἵππους δʼ ἐξελάσας μεγαθύμου Τυδέος υἱὸς
δῶκεν ἑταίροισιν κατάγειν κοίλας ἐπὶ νῆας.
Τρῶες δὲ μεγάθυμοι ἐπεὶ ἴδον υἷε Δάρητος
τὸν μὲν ἀλευάμενον, τὸν δὲ κτάμενον παρʼ ὄχεσφι,
πᾶσιν ὀρίνθη θυμός· ἀτὰρ γλαυκῶπις Ἀθήνη
χειρὸς ἑλοῦσʼ ἐπέεσσι προσηύδα θοῦρον Ἄρηα·
Ἆρες Ἄρες βροτολοιγὲ μιαιφόνε τειχεσιπλῆτα
οὐκ ἂν δὴ Τρῶας μὲν ἐάσαιμεν καὶ Ἀχαιοὺς
μάρνασθʼ, ὁπποτέροισι πατὴρ Ζεὺς κῦδος ὀρέξῃ,
νῶϊ δὲ χαζώμεσθα, Διὸς δʼ ἀλεώμεθα μῆνιν;
ὣς εἰποῦσα μάχης ἐξήγαγε θοῦρον Ἄρηα·
τὸν μὲν ἔπειτα καθεῖσεν ἐπʼ ἠϊόεντι Σκαμάνδρῳ,","Now there was a certain rich and honourable man among the
      Trojans, priest of Vulcan, and his name was Dares. He had two
      sons, Phegeus and Idaeus, both of them skilled in all the arts of
      war. These two came forward from the main body of Trojans, and
      set upon Diomed, he being on foot, while they fought from their
      chariot. When they were close up to one another, Phegeus took aim
      first, but his spear went over Diomed’s left shoulder without
      hitting him. Diomed then threw, and his spear sped not in vain,
      for it hit Phegeus on the breast near the nipple, and he fell
      from his chariot. Idaeus did not dare to bestride his brother’s
      body, but sprang from the chariot and took to flight, or he would
      have shared his brother’s fate; whereon Vulcan saved him by
      wrapping him in a cloud of darkness, that his old father might
      not be utterly overwhelmed with grief; but the son of Tydeus
      drove off with the horses, and bade his followers take them to
      the ships. The Trojans were scared when they saw the two sons of
      Dares, one of them in fright and the other lying dead by his
      chariot. Minerva, therefore, took Mars by the hand and said,
      “Mars, Mars, bane of men, blood-stained stormer of cities, may we
      not now leave the Trojans and Achaeans to fight it out, and see
      to which of the two Jove will vouchsafe the victory? Let us go
      away, and thus avoid his anger.”",8c3449bb2b6522f93820f519976ada07a0dfa029c9e5597b455c7b7ac1a1cd48,4ec147676593e007e9cbe6dec965adfead4731454a92ba55330ed25334c963c5,a7ef38f74d3c43a294249f901921449f8c3366d0de0a846f5cd305ebd66f5854,machine_proposed_unreviewed,pending_human_review,no,excluded_until_human_review
homer-iliad-grc-monro-allen-perseus--homer-iliad-en-butler-pg2199--book-05--segment-003,homer-iliad,homer-iliad-grc-monro-allen-perseus,homer-iliad-en-butler-pg2199,5,3,source_line_range_to_translation_paragraph,proportional_translation_paragraph_tokens_v1,5.37,5.46,10,0,3,337,431,95,1956,2513,"Τρῶας δʼ ἔκλιναν Δαναοί· ἕλε δʼ ἄνδρα ἕκαστος
ἡγεμόνων· πρῶτος δὲ ἄναξ ἀνδρῶν Ἀγαμέμνων
ἀρχὸν Ἁλιζώνων Ὀδίον μέγαν ἔκβαλε δίφρου·
πρώτῳ γὰρ στρεφθέντι μεταφρένῳ ἐν δόρυ πῆξεν
ὤμων μεσσηγύς, διὰ δὲ στήθεσφιν ἔλασσε,
δούπησεν δὲ πεσών, ἀράβησε δὲ τεύχεʼ ἐπʼ αὐτῷ.
Ἰδομενεὺς δʼ ἄρα Φαῖστον ἐνήρατο Μῄονος υἱὸν
Βώρου, ὃς ἐκ Τάρνης ἐριβώλακος εἰληλούθει.
τὸν μὲν ἄρʼ Ἰδομενεὺς δουρικλυτὸς ἔγχεϊ μακρῷ
νύξʼ ἵππων ἐπιβησόμενον κατὰ δεξιὸν ὦμον·","So saying, she drew Mars out of the battle, and set him down upon
      the steep banks of the Scamander. Upon this the Danaans drove the
      Trojans back, and each one of their chieftains killed his man.
      First King Agamemnon flung mighty Odius, captain of the Halizoni,
      from his chariot. The spear of Agamemnon caught him on the broad
      of his back, just as he was turning in flight; it struck him
      between the shoulders and went right through his chest, and his
      armour rang rattling round him as he fell heavily to the ground.",8c3449bb2b6522f93820f519976ada07a0dfa029c9e5597b455c7b7ac1a1cd48,4ec147676593e007e9cbe6dec965adfead4731454a92ba55330ed25334c963c5,a7ef38f74d3c43a294249f901921449f8c3366d0de0a846f5cd305ebd66f5854,machine_proposed_unreviewed,pending_human_review,no,excluded_until_human_review
homer-iliad-grc-monro-allen-perseus--homer-iliad-en-butler-pg2199--book-05--segment-004,homer-iliad,homer-iliad-grc-monro-allen-perseus,homer-iliad-en-butler-pg2199,5,4,source_line_range_to_translation_paragraph,proportional_translation_paragraph_tokens_v1,5.47,5.50,4,0,4,432,473,42,2521,2777,"ἤριπε δʼ ἐξ ὀχέων, στυγερὸς δʼ ἄρα μιν σκότος εἷλε.
τὸν μὲν ἄρʼ Ἰδομενῆος ἐσύλευον θεράποντες·
υἱὸν δὲ Στροφίοιο Σκαμάνδριον αἵμονα θήρης
Ἀτρεΐδης Μενέλαος ἕλʼ ἔγχεϊ ὀξυόεντι","Then Idomeneus killed Phaesus, son of Borus the Meonian, who had
      come from Varne. Mighty Idomeneus speared him on the right
      shoulder as he was mounting his chariot, and the darkness of
      death enshrouded him as he fell heavily from the car.",8c3449bb2b6522f93820f519976ada07a0dfa029c9e5597b455c7b7ac1a1cd48,4ec147676593e007e9cbe6dec965adfead4731454a92ba55330ed25334c963c5,a7ef38f74d3c43a294249f901921449f8c3366d0de0a846f5cd305ebd66f5854,machine_proposed_unreviewed,pending_human_review,no,excluded_until_human_review
homer-iliad-grc-monro-allen-perseus--homer-iliad-en-butler-pg2199--book-05--segment-005,homer-iliad,homer-iliad-grc-monro-allen-perseus,homer-iliad-en-butler-pg2199,5,5,source_line_range_to_translation_paragraph,proportional_translation_paragraph_tokens_v1,5.51,5.61,11,0,5,474,572,99,2785,3375,"ἐσθλὸν θηρητῆρα· δίδαξε γὰρ Ἄρτεμις αὐτὴ
βάλλειν ἄγρια πάντα, τά τε τρέφει οὔρεσιν ὕλη·
ἀλλʼ οὔ οἱ τότε γε χραῖσμʼ Ἄρτεμις ἰοχέαιρα,
οὐδὲ ἑκηβολίαι ᾗσιν τὸ πρίν γε κέκαστο·
ἀλλά μιν Ἀτρεΐδης δουρικλειτὸς Μενέλαος
πρόσθεν ἕθεν φεύγοντα μετάφρενον οὔτασε δουρὶ
ὤμων μεσσηγύς, διὰ δὲ στήθεσφιν ἔλασσεν,
ἤριπε δὲ πρηνής, ἀράβησε δὲ τεύχεʼ ἐπʼ αὐτῷ.
Μηριόνης δὲ Φέρεκλον ἐνήρατο, τέκτονος υἱὸν
Ἁρμονίδεω, ὃς χερσὶν ἐπίστατο δαίδαλα πάντα
τεύχειν· ἔξοχα γάρ μιν ἐφίλατο Παλλὰς Ἀθήνη·","The squires of Idomeneus spoiled him of his armour, while
      Menelaus, son of Atreus, killed Scamandrius the son of Strophius,
      a mighty huntsman and keen lover of the chase. Diana herself had
      taught him how to kill every kind of wild creature that is bred
      in mountain forests, but neither she nor his famed skill in
      archery could now save him, for the spear of Menelaus struck him
      in the back as he was flying; it struck him between the shoulders
      and went right through his chest, so that he fell headlong and
      his armour rang rattling round him.",8c3449bb2b6522f93820f519976ada07a0dfa029c9e5597b455c7b7ac1a1cd48,4ec147676593e007e9cbe6dec965adfead4731454a92ba55330ed25334c963c5,a7ef38f74d3c43a294249f901921449f8c3366d0de0a846f5cd305ebd66f5854,machine_proposed_unreviewed,pending_human_review,no,excluded_until_human_review
homer-iliad-grc-monro-allen-perseus--homer-iliad-en-butler-pg2199--book-05--segment-006,homer-iliad,homer-iliad-grc-monro-allen-perseus,homer-iliad-en-butler-pg2199,5,6,source_line_range_to_translation_paragraph,proportional_translation_paragraph_tokens_v1,5.62,5.72,11,0,6,573,682,110,3383,4033,"ὃς καὶ Ἀλεξάνδρῳ τεκτήνατο νῆας ἐΐσας
ἀρχεκάκους, αἳ πᾶσι κακὸν Τρώεσσι γένοντο
οἷ τʼ αὐτῷ, ἐπεὶ οὔ τι θεῶν ἐκ θέσφατα ᾔδη.
τὸν μὲν Μηριόνης ὅτε δὴ κατέμαρπτε διώκων
βεβλήκει γλουτὸν κατὰ δεξιόν· ἣ δὲ διαπρὸ
ἀντικρὺ κατὰ κύστιν ὑπʼ ὀστέον ἤλυθʼ ἀκωκή·
γνὺξ δʼ ἔριπʼ οἰμώξας, θάνατος δέ μιν ἀμφεκάλυψε.
Πήδαιον δʼ ἄρʼ ἔπεφνε Μέγης Ἀντήνορος υἱὸν
ὅς ῥα νόθος μὲν ἔην, πύκα δʼ ἔτρεφε δῖα Θεανὼ
ἶσα φίλοισι τέκεσσι χαριζομένη πόσεϊ ᾧ.
τὸν μὲν Φυλεΐδης δουρὶ κλυτὸς ἐγγύθεν ἐλθὼν","Meriones then killed Phereclus the son of Tecton, who was the son
      of Hermon, a man whose hand was skilled in all manner of cunning
      workmanship, for Pallas Minerva had dearly loved him. He it was
      that made the ships for Alexandrus, which were the beginning of
      all mischief, and brought evil alike both on the Trojans and on
      Alexandrus himself; for he heeded not the decrees of heaven.
      Meriones overtook him as he was flying, and struck him on the
      right buttock. The point of the spear went through the bone into
      the bladder, and death came upon him as he cried aloud and fell
      forward on his knees.",8c3449bb2b6522f93820f519976ada07a0dfa029c9e5597b455c7b7ac1a1cd48,4ec147676593e007e9cbe6dec965adfead4731454a92ba55330ed25334c963c5,a7ef38f74d3c43a294249f901921449f8c3366d0de0a846f5cd305ebd66f5854,machine_proposed_unreviewed,pending_human_review,no,excluded_until_human_review
homer-iliad-grc-monro-allen-perseus--homer-iliad-en-butler-pg2199--book-05--segment-007,homer-iliad,homer-iliad-grc-monro-allen-perseus,homer-iliad-en-butler-pg2199,5,7,source_line_range_to_translation_paragraph,proportional_translation_paragraph_tokens_v1,5.73,5.80,8,0,7,683,754,72,4041,4424,"βεβλήκει κεφαλῆς κατὰ ἰνίον ὀξέϊ δουρί·
ἀντικρὺ δʼ ἀνʼ ὀδόντας ὑπὸ γλῶσσαν τάμε χαλκός·
ἤριπε δʼ ἐν κονίῃ, ψυχρὸν δʼ ἕλε χαλκὸν ὀδοῦσιν.
Εὐρύπυλος δʼ Εὐαιμονίδης Ὑψήνορα δῖον
υἱὸν ὑπερθύμου Δολοπίονος, ὅς ῥα Σκαμάνδρου
ἀρητὴρ ἐτέτυκτο, θεὸς δʼ ὣς τίετο δήμῳ,
τὸν μὲν ἄρʼ Εὐρύπυλος, Εὐαίμονος ἀγλαὸς υἱός,
πρόσθεν ἕθεν φεύγοντα μεταδρομάδην ἔλασʼ ὦμον","Meges, moreover, slew Pedaeus, son of Antenor, who, though he was
      a bastard, had been brought up by Theano as one of her own
      children, for the love she bore her husband. The son of Phyleus
      got close up to him and drove a spear into the nape of his neck:
      it went under his tongue all among his teeth, so he bit the cold
      bronze, and fell dead in the dust.",8c3449bb2b6522f93820f519976ada07a0dfa029c9e5597b455c7b7ac1a1cd48,4ec147676593e007e9cbe6dec965adfead4731454a92ba55330ed25334c963c5,a7ef38f74d3c43a294249f901921449f8c3366d0de0a846f5cd305ebd66f5854,machine_proposed_unreviewed,pending_human_review,no,excluded_until_human_review
homer-iliad-grc-monro-allen-perseus--homer-iliad-en-butler-pg2199--book-05--segment-008,homer-iliad,homer-iliad-grc-monro-allen-perseus,homer-iliad-en-butler-pg2199,5,8,source_line_range_to_translation_paragraph,proportional_translation_paragraph_tokens_v1,5.81,5.88,8,0,8,755,836,82,4432,4901,"φασγάνῳ ἀΐξας, ἀπὸ δʼ ἔξεσε χεῖρα βαρεῖαν·
αἱματόεσσα δὲ χεὶρ πεδίῳ πέσε· τὸν δὲ κατʼ ὄσσε
ἔλλαβε πορφύρεος θάνατος καὶ μοῖρα κραταιή.
ὣς οἳ μὲν πονέοντο κατὰ κρατερὴν ὑσμίνην·
Τυδεΐδην δʼ οὐκ ἂν γνοίης ποτέροισι μετείη
ἠὲ μετὰ Τρώεσσιν ὁμιλέοι ἦ μετʼ Ἀχαιοῖς.
θῦνε γὰρ ἂμ πεδίον ποταμῷ πλήθοντι ἐοικὼς
χειμάρρῳ, ὅς τʼ ὦκα ῥέων ἐκέδασσε γεφύρας·","And Eurypylus, son of Euaemon, killed Hypsenor, the son of noble
      Dolopion, who had been made priest of the river Scamander, and
      was honoured among the people as though he were a god. Eurypylus
      gave him chase as he was flying before him, smote him with his
      sword upon the arm, and lopped his strong hand from off it. The
      bloody hand fell to the ground, and the shades of death, with
      fate that no man can withstand, came over his eyes.",8c3449bb2b6522f93820f519976ada07a0dfa029c9e5597b455c7b7ac1a1cd48,4ec147676593e007e9cbe6dec965adfead4731454a92ba55330ed25334c963c5,a7ef38f74d3c43a294249f901921449f8c3366d0de0a846f5cd305ebd66f5854,machine_proposed_unreviewed,pending_human_review,no,excluded_until_human_review
homer-iliad-grc-monro-allen-perseus--homer-iliad-en-butler-pg2199--book-05--segment-009,homer-iliad,homer-iliad-grc-monro-allen-perseus,homer-iliad-en-butler-pg2199,5,9,source_line_range_to_translation_paragraph,proportional_translation_paragraph_tokens_v1,5.89,5.100,12,0,9,837,949,113,4909,5559,"τὸν δʼ οὔτʼ ἄρ τε γέφυραι ἐεργμέναι ἰσχανόωσιν,
οὔτʼ ἄρα ἕρκεα ἴσχει ἀλωάων ἐριθηλέων
ἐλθόντʼ ἐξαπίνης ὅτʼ ἐπιβρίσῃ Διὸς ὄμβρος·
πολλὰ δʼ ὑπʼ αὐτοῦ ἔργα κατήριπε κάλʼ αἰζηῶν·
ὣς ὑπὸ Τυδεΐδῃ πυκιναὶ κλονέοντο φάλαγγες
Τρώων, οὐδʼ ἄρα μιν μίμνον πολέες περ ἐόντες.
τὸν δʼ ὡς οὖν ἐνόησε Λυκάονος ἀγλαὸς υἱὸς
θύνοντʼ ἂμ πεδίον πρὸ ἕθεν κλονέοντα φάλαγγας,
αἶψʼ ἐπὶ Τυδεΐδῃ ἐτιταίνετο καμπύλα τόξα,
καὶ βάλʼ ἐπαΐσσοντα τυχὼν κατὰ δεξιὸν ὦμον
θώρηκος γύαλον· διὰ δʼ ἔπτατο πικρὸς ὀϊστός,
ἀντικρὺ δὲ διέσχε, παλάσσετο δʼ αἵματι θώρηξ.","Thus furiously did the battle rage between them. As for the son
      of Tydeus, you could not say whether he was more among the
      Achaeans or the Trojans. He rushed across the plain like a winter
      torrent that has burst its barrier in full flood; no dykes, no
      walls of fruitful vineyards can embank it when it is swollen with
      rain from heaven, but in a moment it comes tearing onward, and
      lays many a field waste that many a strong man’s hand has
      reclaimed—even so were the dense phalanxes of the Trojans driven
      in rout by the son of Tydeus, and many though they were, they
      dared not abide his onslaught.",8c3449bb2b6522f93820f519976ada07a0dfa029c9e5597b455c7b7ac1a1cd48,4ec147676593e007e9cbe6dec965adfead4731454a92ba55330ed25334c963c5,a7ef38f74d3c43a294249f901921449f8c3366d0de0a846f5cd305ebd66f5854,machine_proposed_unreviewed,pending_human_review,no,excluded_until_human_review
homer-iliad-grc-monro-allen-perseus--homer-iliad-en-butler-pg2199--book-05--segment-010,homer-iliad,homer-iliad-grc-monro-allen-perseus,homer-iliad-en-butler-pg2199,5,10,source_line_range_to_translation_paragraph,proportional_translation_paragraph_tokens_v1,5.101,5.110,10,0,10,950,1043,94,5567,6105,"τῷ δʼ ἐπὶ μακρὸν ἄϋσε Λυκάονος ἀγλαὸς υἱός·
ὄρνυσθε Τρῶες μεγάθυμοι κέντορες ἵππων·
βέβληται γὰρ ἄριστος Ἀχαιῶν, οὐδέ ἕ φημι
δήθʼ ἀνσχήσεσθαι κρατερὸν βέλος, εἰ ἐτεόν με
ὦρσεν ἄναξ Διὸς υἱὸς ἀπορνύμενον Λυκίηθεν.
ὣς ἔφατʼ εὐχόμενος· τὸν δʼ οὐ βέλος ὠκὺ δάμασσεν,
ἀλλʼ ἀναχωρήσας πρόσθʼ ἵπποιιν καὶ ὄχεσφιν
ἔστη, καὶ Σθένελον προσέφη Καπανήϊον υἱόν·
ὄρσο πέπον Καπανηϊάδη, καταβήσεο δίφρου,
ὄφρά μοι ἐξ ὤμοιο ἐρύσσῃς πικρὸν ὀϊστόν.","Now when the son of Lycaon saw him scouring the plain and driving
      the Trojans pell-mell before him, he aimed an arrow and hit the
      front part of his cuirass near the shoulder: the arrow went right
      through the metal and pierced the flesh, so that the cuirass was
      covered with blood. On this the son of Lycaon shouted in triumph,
      “Knights Trojans, come on; the bravest of the Achaeans is
      wounded, and he will not hold out much longer if King Apollo was
      indeed with me when I sped from Lycia hither.”",8c3449bb2b6522f93820f519976ada07a0dfa029c9e5597b455c7b7ac1a1cd48,4ec147676593e007e9cbe6dec965adfead4731454a92ba55330ed25334c963c5,a7ef38f74d3c43a294249f901921449f8c3366d0de0a846f5cd305ebd66f5854,machine_proposed_unreviewed,pending_human_review,no,excluded_until_human_review
homer-iliad-grc-monro-allen-perseus--homer-iliad-en-butler-pg2199--book-05--segment-011,homer-iliad,homer-iliad-grc-monro-allen-perseus,homer-iliad-en-butler-pg2199,5,11,source_line_range_to_translation_paragraph,proportional_translation_paragraph_tokens_v1,5.111,5.115,5,0,11,1044,1088,45,6113,6373,"ὣς ἄρʼ ἔφη, Σθένελος δὲ καθʼ ἵππων ἆλτο χαμᾶζε,
πὰρ δὲ στὰς βέλος ὠκὺ διαμπερὲς ἐξέρυσʼ ὤμου·
αἷμα δʼ ἀνηκόντιζε διὰ στρεπτοῖο χιτῶνος.
δὴ τότʼ ἔπειτʼ ἠρᾶτο βοὴν ἀγαθὸς Διομήδης·
κλῦθί μευ αἰγιόχοιο Διὸς τέκος Ἀτρυτώνη,","Thus did he vaunt; but his arrow had not killed Diomed, who
      withdrew and made for the chariot and horses of Sthenelus, the
      son of Capaneus. “Dear son of Capaneus,” said he, “come down from
      your chariot, and draw the arrow out of my shoulder.”",8c3449bb2b6522f93820f519976ada07a0dfa029c9e5597b455c7b7ac1a1cd48,4ec147676593e007e9cbe6dec965adfead4731454a92ba55330ed25334c963c5,a7ef38f74d3c43a294249f901921449f8c3366d0de0a846f5cd305ebd66f5854,machine_proposed_unreviewed,pending_human_review,no,excluded_until_human_review
homer-iliad-grc-monro-allen-perseus--homer-iliad-en-butler-pg2199--book-05--segment-012,homer-iliad,homer-iliad-grc-monro-allen-perseus,homer-iliad-en-butler-pg2199,5,12,source_line_range_to_translation_paragraph,proportional_translation_paragraph_tokens_v1,5.116,5.126,11,0,12,1089,1193,105,6381,6959,"εἴ ποτέ μοι καὶ πατρὶ φίλα φρονέουσα παρέστης
δηΐῳ ἐν πολέμῳ, νῦν αὖτʼ ἐμὲ φῖλαι Ἀθήνη·
δὸς δέ τέ μʼ ἄνδρα ἑλεῖν καὶ ἐς ὁρμὴν ἔγχεος ἐλθεῖν
ὅς μʼ ἔβαλε φθάμενος καὶ ἐπεύχεται, οὐδέ μέ φησι
δηρὸν ἔτʼ ὄψεσθαι λαμπρὸν φάος ἠελίοιο.
ὣς ἔφατʼ εὐχόμενος· τοῦ δʼ ἔκλυε Παλλὰς Ἀθήνη,
γυῖα δʼ ἔθηκεν ἐλαφρά, πόδας καὶ χεῖρας ὕπερθεν·
ἀγχοῦ δʼ ἱσταμένη ἔπεα πτερόεντα προσηύδα·
θαρσῶν νῦν Διόμηδες ἐπὶ Τρώεσσι μάχεσθαι·
ἐν γάρ τοι στήθεσσι μένος πατρώϊον ἧκα
ἄτρομον, οἷον ἔχεσκε σακέσπαλος ἱππότα Τυδεύς·","Sthenelus sprang from his chariot, and drew the arrow from the
      wound, whereon the blood came spouting out through the hole that
      had been made in his shirt. Then Diomed prayed, saying, “Hear me,
      daughter of aegis-bearing Jove, unweariable, if ever you loved my
      father well and stood by him in the thick of a fight, do the like
      now by me; grant me to come within a spear’s throw of that man
      and kill him. He has been too quick for me and has wounded me;
      and now he is boasting that I shall not see the light of the sun
      much longer.”",8c3449bb2b6522f93820f519976ada07a0dfa029c9e5597b455c7b7ac1a1cd48,4ec147676593e007e9cbe6dec965adfead4731454a92ba55330ed25334c963c5,a7ef38f74d3c43a294249f901921449f8c3366d0de0a846f5cd305ebd66f5854,machine_proposed_unreviewed,pending_human_review,no,excluded_until_human_review
homer-iliad-grc-monro-allen-perseus--homer-iliad-en-butler-pg2199--book-05--segment-013,homer-iliad,homer-iliad-grc-monro-allen-perseus,homer-iliad-en-butler-pg2199,5,13,source_line_range_to_translation_paragraph,proportional_translation_paragraph_tokens_v1,5.127,5.137,11,0,13,1194,1290,97,6967,7530,"ἀχλὺν δʼ αὖ τοι ἀπʼ ὀφθαλμῶν ἕλον ἣ πρὶν ἐπῆεν,
ὄφρʼ εὖ γιγνώσκῃς ἠμὲν θεὸν ἠδὲ καὶ ἄνδρα.
τὼ νῦν αἴ κε θεὸς πειρώμενος ἐνθάδʼ ἵκηται
μή τι σύ γʼ ἀθανάτοισι θεοῖς ἀντικρὺ μάχεσθαι
τοῖς ἄλλοις· ἀτὰρ εἴ κε Διὸς θυγάτηρ Ἀφροδίτη
ἔλθῃσʼ ἐς πόλεμον, τήν γʼ οὐτάμεν ὀξέϊ χαλκῷ.
ἣ μὲν ἄρʼ ὣς εἰποῦσʼ ἀπέβη γλαυκῶπις Ἀθήνη,
Τυδεΐδης δʼ ἐξαῦτις ἰὼν προμάχοισιν ἐμίχθη
καὶ πρίν περ θυμῷ μεμαὼς Τρώεσσι μάχεσθαι·
δὴ τότε μιν τρὶς τόσσον ἕλεν μένος ὥς τε λέοντα
ὅν ῥά τε ποιμὴν ἀγρῷ ἐπʼ εἰροπόκοις ὀΐεσσι","Thus he prayed, and Pallas Minerva heard him; she made his limbs
      supple and quickened his hands and his feet. Then she went up
      close to him and said, “Fear not, Diomed, to do battle with the
      Trojans, for I have set in your heart the spirit of your knightly
      father Tydeus. Moreover, I have withdrawn the veil from your
      eyes, that you know gods and men apart. If, then, any other god
      comes here and offers you battle, do not fight him; but should
      Jove’s daughter Venus come, strike her with your spear and wound
      her.”",8c3449bb2b6522f93820f519976ada07a0dfa029c9e5597b455c7b7ac1a1cd48,4ec147676593e007e9cbe6dec965adfead4731454a92ba55330ed25334c963c5,a7ef38f74d3c43a294249f901921449f8c3366d0de0a846f5cd305ebd66f5854,machine_proposed_unreviewed,pending_human_review,no,excluded_until_human_review
homer-iliad-grc-monro-allen-perseus--homer-iliad-en-butler-pg2199--book-05--segment-014,homer-iliad,homer-iliad-grc-monro-allen-perseus,homer-iliad-en-butler-pg2199,5,14,source_line_range_to_translation_paragraph,proportional_translation_paragraph_tokens_v1,5.138,5.149,12,0,14,1291,1411,121,7538,8245,"χραύσῃ μέν τʼ αὐλῆς ὑπεράλμενον οὐδὲ δαμάσσῃ·
τοῦ μέν τε σθένος ὦρσεν, ἔπειτα δέ τʼ οὐ προσαμύνει,
ἀλλὰ κατὰ σταθμοὺς δύεται, τὰ δʼ ἐρῆμα φοβεῖται·
αἳ μέν τʼ ἀγχιστῖναι ἐπʼ ἀλλήλῃσι κέχυνται,
αὐτὰρ ὃ ἐμμεμαὼς βαθέης ἐξάλλεται αὐλῆς·
ὣς μεμαὼς Τρώεσσι μίγη κρατερὸς Διομήδης.
ἔνθʼ ἕλεν Ἀστύνοον καὶ Ὑπείρονα ποιμένα λαῶν,
τὸν μὲν ὑπὲρ μαζοῖο βαλὼν χαλκήρεϊ δουρί,
τὸν δʼ ἕτερον ξίφεϊ μεγάλῳ κληῗδα παρʼ ὦμον
πλῆξʼ, ἀπὸ δʼ αὐχένος ὦμον ἐέργαθεν ἠδʼ ἀπὸ νώτου.
τοὺς μὲν ἔασʼ, ὃ δʼ Ἄβαντα μετῴχετο καὶ Πολύειδον
υἱέας Εὐρυδάμαντος ὀνειροπόλοιο γέροντος·","When she had said this Minerva went away, and the son of Tydeus
      again took his place among the foremost fighters, three times
      more fierce even than he had been before. He was like a lion that
      some mountain shepherd has wounded, but not killed, as he is
      springing over the wall of a sheep-yard to attack the sheep. The
      shepherd has roused the brute to fury but cannot defend his
      flock, so he takes shelter under cover of the buildings, while
      the sheep, panic-stricken on being deserted, are smothered in
      heaps one on top of the other, and the angry lion leaps out over
      the sheep-yard wall. Even thus did Diomed go furiously about
      among the Trojans.",8c3449bb2b6522f93820f519976ada07a0dfa029c9e5597b455c7b7ac1a1cd48,4ec147676593e007e9cbe6dec965adfead4731454a92ba55330ed25334c963c5,a7ef38f74d3c43a294249f901921449f8c3366d0de0a846f5cd305ebd66f5854,machine_proposed_unreviewed,pending_human_review,no,excluded_until_human_review
homer-iliad-grc-monro-allen-perseus--homer-iliad-en-butler-pg2199--book-05--segment-015,homer-iliad,homer-iliad-grc-monro-allen-perseus,homer-iliad-en-butler-pg2199,5,15,source_line_range_to_translation_paragraph,proportional_translation_paragraph_tokens_v1,5.150,5.165,16,0,15,1412,1562,151,8253,9124,"τοῖς οὐκ ἐρχομένοις ὃ γέρων ἐκρίνατʼ ὀνείρους,
ἀλλά σφεας κρατερὸς Διομήδης ἐξενάριξε·
βῆ δὲ μετὰ Ξάνθόν τε Θόωνά τε Φαίνοπος υἷε
ἄμφω τηλυγέτω· ὃ δὲ τείρετο γήραϊ λυγρῷ,
υἱὸν δʼ οὐ τέκετʼ ἄλλον ἐπὶ κτεάτεσσι λιπέσθαι.
ἔνθʼ ὅ γε τοὺς ἐνάριζε, φίλον δʼ ἐξαίνυτο θυμὸν
ἀμφοτέρω, πατέρι δὲ γόον καὶ κήδεα λυγρὰ
λεῖπʼ, ἐπεὶ οὐ ζώοντε μάχης ἐκνοστήσαντε
δέξατο· χηρωσταὶ δὲ διὰ κτῆσιν δατέοντο.
ἔνθʼ υἷας Πριάμοιο δύω λάβε Δαρδανίδαο
εἰν ἑνὶ δίφρῳ ἐόντας Ἐχέμμονά τε Χρομίον τε.
ὡς δὲ λέων ἐν βουσὶ θορὼν ἐξ αὐχένα ἄξῃ
πόρτιος ἠὲ βοὸς ξύλοχον κάτα βοσκομενάων,
ὣς τοὺς ἀμφοτέρους ἐξ ἵππων Τυδέος υἱὸς
βῆσε κακῶς ἀέκοντας, ἔπειτα δὲ τεύχεʼ ἐσύλα·
ἵππους δʼ οἷς ἑτάροισι δίδου μετὰ νῆας ἐλαύνειν.","He killed Astynous, and Hypeiron shepherd of his people, the one
      with a thrust of his spear, which struck him above the nipple,
      the other with a sword-cut on the collar-bone, that severed his
      shoulder from his neck and back. He let both of them lie, and
      went in pursuit of Abas and Polyidus, sons of the old reader of
      dreams Eurydamas: they never came back for him to read them any
      more dreams, for mighty Diomed made an end of them. He then gave
      chase to Xanthus and Thoon, the two sons of Phaenops, both of
      them very dear to him, for he was now worn out with age, and
      begat no more sons to inherit his possessions. But Diomed took
      both their lives and left their father sorrowing bitterly, for he
      nevermore saw them come home from battle alive, and his kinsmen
      divided his wealth among themselves.",8c3449bb2b6522f93820f519976ada07a0dfa029c9e5597b455c7b7ac1a1cd48,4ec147676593e007e9cbe6dec965adfead4731454a92ba55330ed25334c963c5,a7ef38f74d3c43a294249f901921449f8c3366d0de0a846f5cd305ebd66f5854,machine_proposed_unreviewed,pending_human_review,no,excluded_until_human_review
homer-iliad-grc-monro-allen-perseus--homer-iliad-en-butler-pg2199--book-05--segment-016,homer-iliad,homer-iliad-grc-monro-allen-perseus,homer-iliad-en-butler-pg2199,5,16,source_line_range_to_translation_paragraph,proportional_translation_paragraph_tokens_v1,5.166,5.173,8,0,16,1563,1638,76,9132,9556,"τὸν δʼ ἴδεν Αἰνείας ἀλαπάζοντα στίχας ἀνδρῶν,
βῆ δʼ ἴμεν ἄν τε μάχην καὶ ἀνὰ κλόνον ἐγχειάων
Πάνδαρον ἀντίθεον διζήμενος εἴ που ἐφεύροι·
εὗρε Λυκάονος υἱὸν ἀμύμονά τε κρατερόν τε,
στῆ δὲ πρόσθʼ αὐτοῖο ἔπος τέ μιν ἀντίον ηὔδα·
Πάνδαρε ποῦ τοι τόξον ἰδὲ πτερόεντες ὀϊστοὶ
καὶ κλέος; ᾧ οὔ τίς τοι ἐρίζεται ἐνθάδε γʼ ἀνήρ,
οὐδέ τις ἐν Λυκίῃ σέο γʼ εὔχεται εἶναι ἀμείνων.","Then he came upon two sons of Priam, Echemmon and Chromius, as
      they were both in one chariot. He sprang upon them as a lion
      fastens on the neck of some cow or heifer when the herd is
      feeding in a coppice. For all their vain struggles he flung them
      both from their chariot and stripped the armour from their
      bodies. Then he gave their horses to his comrades to take them
      back to the ships.",8c3449bb2b6522f93820f519976ada07a0dfa029c9e5597b455c7b7ac1a1cd48,4ec147676593e007e9cbe6dec965adfead4731454a92ba55330ed25334c963c5,a7ef38f74d3c43a294249f901921449f8c3366d0de0a846f5cd305ebd66f5854,machine_proposed_unreviewed,pending_human_review,no,excluded_until_human_review
homer-iliad-grc-monro-allen-perseus--homer-iliad-en-butler-pg2199--book-05--segment-017,homer-iliad,homer-iliad-grc-monro-allen-perseus,homer-iliad-en-butler-pg2199,5,17,source_line_range_to_translation_paragraph,proportional_translation_paragraph_tokens_v1,5.174,5.187,14,0,17,1639,1771,133,9564,10303,"ἀλλʼ ἄγε τῷδʼ ἔφες ἀνδρὶ βέλος Διὶ χεῖρας ἀνασχὼν
ὅς τις ὅδε κρατέει καὶ δὴ κακὰ πολλὰ ἔοργε
Τρῶας, ἐπεὶ πολλῶν τε καὶ ἐσθλῶν γούνατʼ ἔλυσεν·
εἰ μή τις θεός ἐστι κοτεσσάμενος Τρώεσσιν
ἱρῶν μηνίσας· χαλεπὴ δὲ θεοῦ ἔπι μῆνις.
τὸν δʼ αὖτε προσέειπε Λυκάονος ἀγλαὸς υἱός·
Αἰνεία Τρώων βουληφόρε χαλκοχιτώνων
Τυδεΐδῃ μιν ἔγωγε δαΐφρονι πάντα ἐΐσκω,
ἀσπίδι γιγνώσκων αὐλώπιδί τε τρυφαλείῃ,
ἵππους τʼ εἰσορόων· σάφα δʼ οὐκ οἶδʼ εἰ θεός ἐστιν.
εἰ δʼ ὅ γʼ ἀνὴρ ὅν φημι δαΐφρων Τυδέος υἱὸς
οὐχ ὅ γʼ ἄνευθε θεοῦ τάδε μαίνεται, ἀλλά τις ἄγχι
ἕστηκʼ ἀθανάτων νεφέλῃ εἰλυμένος ὤμους,
ὃς τούτου βέλος ὠκὺ κιχήμενον ἔτραπεν ἄλλῃ.","When Aeneas saw him thus making havoc among the ranks, he went
      through the fight amid the rain of spears to see if he could find
      Pandarus. When he had found the brave son of Lycaon he said,
      “Pandarus, where is now your bow, your winged arrows, and your
      renown as an archer, in respect of which no man here can rival
      you nor is there any in Lycia that can beat you? Lift then your
      hands to Jove and send an arrow at this fellow who is going so
      masterfully about, and has done such deadly work among the
      Trojans. He has killed many a brave man—unless indeed he is some
      god who is angry with the Trojans about their sacrifices, and
      has set his hand against them in his displeasure.”",8c3449bb2b6522f93820f519976ada07a0dfa029c9e5597b455c7b7ac1a1cd48,4ec147676593e007e9cbe6dec965adfead4731454a92ba55330ed25334c963c5,a7ef38f74d3c43a294249f901921449f8c3366d0de0a846f5cd305ebd66f5854,machine_proposed_unreviewed,pending_human_review,no,excluded_until_human_review
homer-iliad-grc-monro-allen-perseus--homer-iliad-en-butler-pg2199--book-05--segment-018,homer-iliad,homer-iliad-grc-monro-allen-perseus,homer-iliad-en-butler-pg2199,5,18,source_line_range_to_translation_paragraph,proportional_translation_paragraph_tokens_v1,5.188,5.230,43,0,18,1772,2174,403,10311,12417,"ἤδη γάρ οἱ ἐφῆκα βέλος, καί μιν βάλον ὦμον
δεξιὸν ἀντικρὺ διὰ θώρηκος γυάλοιο·
καί μιν ἔγωγʼ ἐφάμην Ἀϊδωνῆϊ προϊάψειν,
ἔμπης δʼ οὐκ ἐδάμασσα· θεός νύ τίς ἐστι κοτήεις.
ἵπποι δʼ οὐ παρέασι καὶ ἅρματα τῶν κʼ ἐπιβαίην·
ἀλλά που ἐν μεγάροισι Λυκάονος ἕνδεκα δίφροι
καλοὶ πρωτοπαγεῖς νεοτευχέες· ἀμφὶ δὲ πέπλοι
πέπτανται· παρὰ δέ σφιν ἑκάστῳ δίζυγες ἵπποι
ἑστᾶσι κρῖ λευκὸν ἐρεπτόμενοι καὶ ὀλύρας.
ἦ μέν μοι μάλα πολλὰ γέρων αἰχμητὰ Λυκάων
ἐρχομένῳ ἐπέτελλε δόμοις ἔνι ποιητοῖσιν·
ἵπποισίν μʼ ἐκέλευε καὶ ἅρμασιν ἐμβεβαῶτα
ἀρχεύειν Τρώεσσι κατὰ κρατερὰς ὑσμίνας·
ἀλλʼ ἐγὼ οὐ πιθόμην· ἦ τʼ ἂν πολὺ κέρδιον ἦεν·
ἵππων φειδόμενος, μή μοι δευοίατο φορβῆς
ἀνδρῶν εἰλομένων εἰωθότες ἔδμεναι ἄδην.
ὣς λίπον, αὐτὰρ πεζὸς ἐς Ἴλιον εἰλήλουθα
τόξοισιν πίσυνος· τὰ δέ μʼ οὐκ ἄρʼ ἔμελλον ὀνήσειν.
ἤδη γὰρ δοιοῖσιν ἀριστήεσσιν ἐφῆκα
Τυδεΐδῃ τε καὶ Ἀτρεΐδῃ, ἐκ δʼ ἀμφοτέροιιν
ἀτρεκὲς αἷμʼ ἔσσευα βαλών, ἤγειρα δὲ μᾶλλον.
τώ ῥα κακῇ αἴσῃ ἀπὸ πασσάλου ἀγκύλα τόξα
ἤματι τῷ ἑλόμην ὅτε Ἴλιον εἰς ἐρατεινὴν
ἡγεόμην Τρώεσσι φέρων χάριν Ἕκτορι δίῳ.
εἰ δέ κε νοστήσω καὶ ἐσόψομαι ὀφθαλμοῖσι
πατρίδʼ ἐμὴν ἄλοχόν τε καὶ ὑψερεφὲς μέγα δῶμα,
αὐτίκʼ ἔπειτʼ ἀπʼ ἐμεῖο κάρη τάμοι ἀλλότριος φὼς
εἰ μὴ ἐγὼ τάδε τόξα φαεινῷ ἐν πυρὶ θείην
χερσὶ διακλάσσας· ἀνεμώλια γάρ μοι ὀπηδεῖ.
τὸν δʼ αὖτʼ Αἰνείας Τρώων ἀγὸς ἀντίον ηὔδα·
μὴ δʼ οὕτως ἀγόρευε· πάρος δʼ οὐκ ἔσσεται ἄλλως,
πρίν γʼ ἐπὶ νὼ τῷδʼ ἀνδρὶ σὺν ἵπποισιν καὶ ὄχεσφιν
ἀντιβίην ἐλθόντε σὺν ἔντεσι πειρηθῆναι.
ἀλλʼ ἄγʼ ἐμῶν ὀχέων ἐπιβήσεο, ὄφρα ἴδηαι
οἷοι Τρώϊοι ἵπποι ἐπιστάμενοι πεδίοιο
κραιπνὰ μάλʼ ἔνθα καὶ ἔνθα διωκέμεν ἠδὲ φέβεσθαι·
τὼ καὶ νῶϊ πόλιν δὲ σαώσετον, εἴ περ ἂν αὖτε
Ζεὺς ἐπὶ Τυδεΐδῃ Διομήδεϊ κῦδος ὀρέξῃ.
ἀλλʼ ἄγε νῦν μάστιγα καὶ ἡνία σιγαλόεντα
δέξαι, ἐγὼ δʼ ἵππων ἀποβήσομαι ὄφρα μάχωμαι·
ἠὲ σὺ τόνδε δέδεξο, μελήσουσιν δʼ ἐμοὶ ἵπποι.
τὸν δʼ αὖτε προσέειπε Λυκάονος ἀγλαὸς υἱός·
Αἰνεία σὺ μὲν αὐτὸς ἔχʼ ἡνία καὶ τεὼ ἵππω·","And the son of Lycaon answered, “Aeneas, I take him for none
      other than the son of Tydeus. I know him by his shield, the visor
      of his helmet, and by his horses. It is possible that he may be a
      god, but if he is the man I say he is, he is not making all this
      havoc without heaven’s help, but has some god by his side who is
      shrouded in a cloud of darkness, and who turned my arrow aside
      when it had hit him. I have taken aim at him already and hit him
      on the right shoulder; my arrow went through the breast-piece of
      his cuirass; and I made sure I should send him hurrying to the
      world below, but it seems that I have not killed him. There must
      be a god who is angry with me. Moreover I have neither horse nor
      chariot. In my father’s stables there are eleven excellent
      chariots, fresh from the builder, quite new, with cloths spread
      over them; and by each of them there stand a pair of horses,
      champing barley and rye; my old father Lycaon urged me again and
      again when I was at home and on the point of starting, to take
      chariots and horses with me that I might lead the Trojans in
      battle, but I would not listen to him; it would have been much
      better if I had done so, but I was thinking about the horses,
      which had been used to eat their fill, and I was afraid that in
      such a great gathering of men they might be ill-fed, so I left
      them at home and came on foot to Ilius armed only with my bow and
      arrows. These it seems, are of no use, for I have already hit two
      chieftains, the sons of Atreus and of Tydeus, and though I drew
      blood surely enough, I have only made them still more furious. I
      did ill to take my bow down from its peg on the day I led my band
      of Trojans to Ilius in Hector’s service, and if ever I get home
      again to set eyes on my native place, my wife, and the greatness
      of my house, may some one cut my head off then and there if I do
      not break the bow and set it on a hot fire—such pranks as it
      plays me.”",8c3449bb2b6522f93820f519976ada07a0dfa029c9e5597b455c7b7ac1a1cd48,4ec147676593e007e9cbe6dec965adfead4731454a92ba55330ed25334c963c5,a7ef38f74d3c43a294249f901921449f8c3366d0de0a846f5cd305ebd66f5854,machine_proposed_unreviewed,pending_human_review,no,excluded_until_human_review
homer-iliad-grc-monro-allen-perseus--homer-iliad-en-butler-pg2199--book-05--segment-019,homer-iliad,homer-iliad-grc-monro-allen-perseus,homer-iliad-en-butler-pg2199,5,19,source_line_range_to_translation_paragraph,proportional_translation_paragraph_tokens_v1,5.231,5.241,11,0,19,2175,2274,100,12425,12974,"μᾶλλον ὑφʼ ἡνιόχῳ εἰωθότι καμπύλον ἅρμα
οἴσετον, εἴ περ ἂν αὖτε φεβώμεθα Τυδέος υἱόν·
μὴ τὼ μὲν δείσαντε ματήσετον, οὐδʼ ἐθέλητον
ἐκφερέμεν πολέμοιο τεὸν φθόγγον ποθέοντε,
νῶϊ δʼ ἐπαΐξας μεγαθύμου Τυδέος υἱὸς
αὐτώ τε κτείνῃ καὶ ἐλάσσῃ μώνυχας ἵππους.
ἀλλὰ σύ γʼ αὐτὸς ἔλαυνε τέʼ ἅρματα καὶ τεὼ ἵππω,
τὸν δὲ δʼ ἐγὼν ἐπιόντα δεδέξομαι ὀξέϊ δουρί.
ὣς ἄρα φωνήσαντες ἐς ἅρματα ποικίλα βάντες
ἐμμεμαῶτʼ ἐπὶ Τυδεΐδῃ ἔχον ὠκέας ἵππους.
τοὺς δὲ ἴδε Σθένελος Καπανήϊος ἀγλαὸς υἱός,","Aeneas answered, “Say no more. Things will not mend till we two
      go against this man with chariot and horses and bring him to a
      trial of arms. Mount my chariot, and note how cleverly the horses
      of Tros can speed hither and thither over the plain in pursuit or
      flight. If Jove again vouchsafes glory to the son of Tydeus they
      will carry us safely back to the city. Take hold, then, of the
      whip and reins while I stand upon the car to fight, or else do
      you wait this man’s onset while I look after the horses.”",8c3449bb2b6522f93820f519976ada07a0dfa029c9e5597b455c7b7ac1a1cd48,4ec147676593e007e9cbe6dec965adfead4731454a92ba55330ed25334c963c5,a7ef38f74d3c43a294249f901921449f8c3366d0de0a846f5cd305ebd66f5854,machine_proposed_unreviewed,pending_human_review,no,excluded_until_human_review
homer-iliad-grc-monro-allen-perseus--homer-iliad-en-butler-pg2199--book-05--segment-020,homer-iliad,homer-iliad-grc-monro-allen-perseus,homer-iliad-en-butler-pg2199,5,20,source_line_range_to_translation_paragraph,proportional_translation_paragraph_tokens_v1,5.242,5.249,8,0,20,2275,2357,83,12982,13432,"αἶψα δὲ Τυδεΐδην ἔπεα πτερόεντα προσηύδα·
Τυδεΐδη Διόμηδες ἐμῷ κεχαρισμένε θυμῷ,
ἄνδρʼ ὁρόω κρατερὼ ἐπὶ σοὶ μεμαῶτε μάχεσθαι
ἶνʼ ἀπέλεθρον ἔχοντας· ὃ μὲν τόξων ἐῢ εἰδὼς
Πάνδαρος, υἱὸς δʼ αὖτε Λυκάονος εὔχεται εἶναι·
Αἰνείας δʼ υἱὸς μὲν ἀμύμονος Ἀγχίσαο
εὔχεται ἐκγεγάμεν, μήτηρ δέ οἵ ἐστʼ Ἀφροδίτη.
ἀλλʼ ἄγε δὴ χαζώμεθʼ ἐφʼ ἵππων, μηδέ μοι οὕτω","“Aeneas,” replied the son of Lycaon, “take the reins and drive;
      if we have to fly before the son of Tydeus the horses will go
      better for their own driver. If they miss the sound of your voice
      when they expect it they may be frightened, and refuse to take us
      out of the fight. The son of Tydeus will then kill both of us and
      take the horses. Therefore drive them yourself and I will be
      ready for him with my spear.”",8c3449bb2b6522f93820f519976ada07a0dfa029c9e5597b455c7b7ac1a1cd48,4ec147676593e007e9cbe6dec965adfead4731454a92ba55330ed25334c963c5,a7ef38f74d3c43a294249f901921449f8c3366d0de0a846f5cd305ebd66f5854,machine_proposed_unreviewed,pending_human_review,no,excluded_until_human_review
homer-iliad-grc-monro-allen-perseus--homer-iliad-en-butler-pg2199--book-05--segment-021,homer-iliad,homer-iliad-grc-monro-allen-perseus,homer-iliad-en-butler-pg2199,5,21,source_line_range_to_translation_paragraph,proportional_translation_paragraph_tokens_v1,5.250,5.259,10,0,21,2358,2446,89,13440,13966,"θῦνε διὰ προμάχων, μή πως φίλον ἦτορ ὀλέσσῃς.
τὸν δʼ ἄρʼ ὑπόδρα ἰδὼν προσέφη κρατερὸς Διομήδης·
μή τι φόβον δʼ ἀγόρευʼ, ἐπεὶ οὐδὲ σὲ πεισέμεν οἴω.
οὐ γάρ μοι γενναῖον ἀλυσκάζοντι μάχεσθαι
οὐδὲ καταπτώσσειν· ἔτι μοι μένος ἔμπεδόν ἐστιν·
ὀκνείω δʼ ἵππων ἐπιβαινέμεν, ἀλλὰ καὶ αὔτως
ἀντίον εἶμʼ αὐτῶν· τρεῖν μʼ οὐκ ἐᾷ Παλλὰς Ἀθήνη.
τούτω δʼ οὐ πάλιν αὖτις ἀποίσετον ὠκέες ἵπποι
ἄμφω ἀφʼ ἡμείων, εἴ γʼ οὖν ἕτερός γε φύγῃσιν.
ἄλλο δέ τοι ἐρέω, σὺ δʼ ἐνὶ φρεσὶ βάλλεο σῇσιν·","They then mounted the chariot and drove full speed towards the
      son of Tydeus. Sthenelus, son of Capaneus, saw them coming and
      said to Diomed, “Diomed, son of Tydeus, man after my own heart, I
      see two heroes speeding towards you, both of them men of might
      the one a skilful archer, Pandarus son of Lycaon, the other,
      Aeneas, whose sire is Anchises, while his mother is Venus. Mount
      the chariot and let us retreat. Do not, I pray you, press so
      furiously forward, or you may get killed.”",8c3449bb2b6522f93820f519976ada07a0dfa029c9e5597b455c7b7ac1a1cd48,4ec147676593e007e9cbe6dec965adfead4731454a92ba55330ed25334c963c5,a7ef38f74d3c43a294249f901921449f8c3366d0de0a846f5cd305ebd66f5854,machine_proposed_unreviewed,pending_human_review,no,excluded_until_human_review
homer-iliad-grc-monro-allen-perseus--homer-iliad-en-butler-pg2199--book-05--segment-022,homer-iliad,homer-iliad-grc-monro-allen-perseus,homer-iliad-en-butler-pg2199,5,22,source_line_range_to_translation_paragraph,proportional_translation_paragraph_tokens_v1,5.260,5.280,21,0,22,2447,2648,202,13974,15079,"αἴ κέν μοι πολύβουλος Ἀθήνη κῦδος ὀρέξῃ
ἀμφοτέρω κτεῖναι, σὺ δὲ τούσδε μὲν ὠκέας ἵππους
αὐτοῦ ἐρυκακέειν ἐξ ἄντυγος ἡνία τείνας,
Αἰνείαο δʼ ἐπαΐξαι μεμνημένος ἵππων,
ἐκ δʼ ἐλάσαι Τρώων μετʼ ἐϋκνήμιδας Ἀχαιούς.
τῆς γάρ τοι γενεῆς ἧς Τρωΐ περ εὐρύοπα Ζεὺς
δῶχʼ υἷος ποινὴν Γανυμήδεος, οὕνεκʼ ἄριστοι
ἵππων ὅσσοι ἔασιν ὑπʼ ἠῶ τʼ ἠέλιόν τε,
τῆς γενεῆς ἔκλεψεν ἄναξ ἀνδρῶν Ἀγχίσης
λάθρῃ Λαομέδοντος ὑποσχὼν θήλεας ἵππους·
τῶν οἱ ἓξ ἐγένοντο ἐνὶ μεγάροισι γενέθλη.
τοὺς μὲν τέσσαρας αὐτὸς ἔχων ἀτίταλλʼ ἐπὶ φάτνῃ,
τὼ δὲ δύʼ Αἰνείᾳ δῶκεν μήστωρε φόβοιο.
εἰ τούτω κε λάβοιμεν, ἀροίμεθά κε κλέος ἐσθλόν.
ὣς οἳ μὲν τοιαῦτα πρὸς ἀλλήλους ἀγόρευον,
τὼ δὲ τάχʼ ἐγγύθεν ἦλθον ἐλαύνοντʼ ὠκέας ἵππους.
τὸν πρότερος προσέειπε Λυκάονος ἀγλαὸς υἱός·
καρτερόθυμε δαΐφρον ἀγαυοῦ Τυδέος υἱὲ
ἦ μάλα σʼ οὐ βέλος ὠκὺ δαμάσσατο πικρὸς ὀϊστός·
νῦν αὖτʼ ἐγχείῃ πειρήσομαι αἴ κε τύχωμι.
ἦ ῥα καὶ ἀμπεπαλὼν προΐει δολιχόσκιον ἔγχος","Diomed looked angrily at him and answered: “Talk not of flight,
      for I shall not listen to you: I am of a race that knows neither
      flight nor fear, and my limbs are as yet unwearied. I am in no
      mind to mount, but will go against them even as I am; Pallas
      Minerva bids me be afraid of no man, and even though one of them
      escape, their steeds shall not take both back again. I say
      further, and lay my saying to your heart—if Minerva sees fit to
      vouchsafe me the glory of killing both, stay your horses here and
      make the reins fast to the rim of the chariot; then be sure you
      spring Aeneas’ horses and drive them from the Trojan to the
      Achaean ranks. They are of the stock that great Jove gave to Tros
      in payment for his son Ganymede, and are the finest that live and
      move under the sun. King Anchises stole the blood by putting his
      mares to them without Laomedon’s knowledge, and they bore him six
      foals. Four are still in his stables, but he gave the other two
      to Aeneas. We shall win great glory if we can take them.”",8c3449bb2b6522f93820f519976ada07a0dfa029c9e5597b455c7b7ac1a1cd48,4ec147676593e007e9cbe6dec965adfead4731454a92ba55330ed25334c963c5,a7ef38f74d3c43a294249f901921449f8c3366d0de0a846f5cd305ebd66f5854,machine_proposed_unreviewed,pending_human_review,no,excluded_until_human_review
homer-iliad-grc-monro-allen-perseus--homer-iliad-en-butler-pg2199--book-05--segment-023,homer-iliad,homer-iliad-grc-monro-allen-perseus,homer-iliad-en-butler-pg2199,5,23,source_line_range_to_translation_paragraph,proportional_translation_paragraph_tokens_v1,5.281,5.285,5,0,23,2649,2694,46,15087,15331,"καὶ βάλε Τυδεΐδαο κατʼ ἀσπίδα· τῆς δὲ διὰ πρὸ
αἰχμὴ χαλκείη πταμένη θώρηκι πελάσθη·
τῷ δʼ ἐπὶ μακρὸν ἄϋσε Λυκάονος ἀγλαὸς υἱός·
βέβληαι κενεῶνα διαμπερές, οὐδέ σʼ ὀΐω
δηρὸν ἔτʼ ἀνσχήσεσθαι· ἐμοὶ δὲ μέγʼ εὖχος ἔδωκας.","Thus did they converse, but the other two had now driven close up
      to them, and the son of Lycaon spoke first. “Great and mighty
      son,” said he, “of noble Tydeus, my arrow failed to lay you low,
      so I will now try with my spear.”",8c3449bb2b6522f93820f519976ada07a0dfa029c9e5597b455c7b7ac1a1cd48,4ec147676593e007e9cbe6dec965adfead4731454a92ba55330ed25334c963c5,a7ef38f74d3c43a294249f901921449f8c3366d0de0a846f5cd305ebd66f5854,machine_proposed_unreviewed,pending_human_review,no,excluded_until_human_review
homer-iliad-grc-monro-allen-perseus--homer-iliad-en-butler-pg2199--book-05--segment-024,homer-iliad,homer-iliad-grc-monro-allen-perseus,homer-iliad-en-butler-pg2199,5,24,source_line_range_to_translation_paragraph,proportional_translation_paragraph_tokens_v1,5.286,5.292,7,0,24,2695,2759,65,15339,15698,"τὸν δʼ οὐ ταρβήσας προσέφη κρατερὸς Διομήδης·
ἤμβροτες οὐδʼ ἔτυχες· ἀτὰρ οὐ μὲν σφῶΐ γʼ ὀΐω
πρίν γʼ ἀποπαύσεσθαι πρίν γʼ ἢ ἕτερόν γε πεσόντα
αἵματος ἆσαι Ἄρηα, ταλαύρινον πολεμιστήν.
ὣς φάμενος προέηκε· βέλος δʼ ἴθυνεν Ἀθήνη
ῥῖνα παρʼ ὀφθαλμόν, λευκοὺς δʼ ἐπέρησεν ὀδόντας.
τοῦ δʼ ἀπὸ μὲν γλῶσσαν πρυμνὴν τάμε χαλκὸς ἀτειρής,","He poised his spear as he spoke and hurled it from him. It struck
      the shield of the son of Tydeus; the bronze point pierced it and
      passed on till it reached the breastplate. Thereon the son of
      Lycaon shouted out and said, “You are hit clean through the
      belly; you will not stand out for long, and the glory of the
      fight is mine.”",8c3449bb2b6522f93820f519976ada07a0dfa029c9e5597b455c7b7ac1a1cd48,4ec147676593e007e9cbe6dec965adfead4731454a92ba55330ed25334c963c5,a7ef38f74d3c43a294249f901921449f8c3366d0de0a846f5cd305ebd66f5854,machine_proposed_unreviewed,pending_human_review,no,excluded_until_human_review
homer-iliad-grc-monro-allen-perseus--homer-iliad-en-butler-pg2199--book-05--segment-025,homer-iliad,homer-iliad-grc-monro-allen-perseus,homer-iliad-en-butler-pg2199,5,25,source_line_range_to_translation_paragraph,proportional_translation_paragraph_tokens_v1,5.293,5.296,4,0,25,2760,2793,34,15706,15897,"αἰχμὴ δʼ ἐξελύθη παρὰ νείατον ἀνθερεῶνα·
ἤριπε δʼ ἐξ ὀχέων, ἀράβησε δὲ τεύχεʼ ἐπʼ αὐτῷ
αἰόλα παμφανόωντα, παρέτρεσσαν δέ οἱ ἵπποι
ὠκύποδες· τοῦ δʼ αὖθι λύθη ψυχή τε μένος τε.","But Diomed all undismayed made answer, “You have missed, not hit,
      and before you two see the end of this matter one or other of you
      shall glut tough-shielded Mars with his blood.”",8c3449bb2b6522f93820f519976ada07a0dfa029c9e5597b455c7b7ac1a1cd48,4ec147676593e007e9cbe6dec965adfead4731454a92ba55330ed25334c963c5,a7ef38f74d3c43a294249f901921449f8c3366d0de0a846f5cd305ebd66f5854,machine_proposed_unreviewed,pending_human_review,no,excluded_until_human_review
homer-iliad-grc-monro-allen-perseus--homer-iliad-en-butler-pg2199--book-05--segment-026,homer-iliad,homer-iliad-grc-monro-allen-perseus,homer-iliad-en-butler-pg2199,5,26,source_line_range_to_translation_paragraph,proportional_translation_paragraph_tokens_v1,5.297,5.303,7,0,26,2794,2862,69,15905,16303,"Αἰνείας δʼ ἀπόρουσε σὺν ἀσπίδι δουρί τε μακρῷ
δείσας μή πώς οἱ ἐρυσαίατο νεκρὸν Ἀχαιοί.
ἀμφὶ δʼ ἄρʼ αὐτῷ βαῖνε λέων ὣς ἀλκὶ πεποιθώς,
πρόσθε δέ οἱ δόρυ τʼ ἔσχε καὶ ἀσπίδα πάντοσʼ ἐΐσην,
τὸν κτάμεναι μεμαὼς ὅς τις τοῦ γʼ ἀντίος ἔλθοι
σμερδαλέα ἰάχων· ὃ δὲ χερμάδιον λάβε χειρὶ
Τυδεΐδης μέγα ἔργον ὃ οὐ δύο γʼ ἄνδρε φέροιεν,","With this he hurled his spear, and Minerva guided it on to
      Pandarus’s nose near the eye. It went crashing in among his white
      teeth; the bronze point cut through the root of his tongue,
      coming out under his chin, and his glistening armour rang
      rattling round him as he fell heavily to the ground. The horses
      started aside for fear, and he was reft of life and strength.",8c3449bb2b6522f93820f519976ada07a0dfa029c9e5597b455c7b7ac1a1cd48,4ec147676593e007e9cbe6dec965adfead4731454a92ba55330ed25334c963c5,a7ef38f74d3c43a294249f901921449f8c3366d0de0a846f5cd305ebd66f5854,machine_proposed_unreviewed,pending_human_review,no,excluded_until_human_review
homer-iliad-grc-monro-allen-perseus--homer-iliad-en-butler-pg2199--book-05--segment-027,homer-iliad,homer-iliad-grc-monro-allen-perseus,homer-iliad-en-butler-pg2199,5,27,source_line_range_to_translation_paragraph,proportional_translation_paragraph_tokens_v1,5.304,5.327,24,0,27,2863,3090,228,16311,17601,"οἷοι νῦν βροτοί εἰσʼ· ὃ δέ μιν ῥέα πάλλε καὶ οἶος.
τῷ βάλεν Αἰνείαο κατʼ ἰσχίον ἔνθά τε μηρὸς
ἰσχίῳ ἐνστρέφεται, κοτύλην δέ τέ μιν καλέουσι·
θλάσσε δέ οἱ κοτύλην, πρὸς δʼ ἄμφω ῥῆξε τένοντε·
ὦσε δʼ ἀπὸ ῥινὸν τρηχὺς λίθος· αὐτὰρ ὅ γʼ ἥρως
ἔστη γνὺξ ἐριπὼν καὶ ἐρείσατο χειρὶ παχείῃ
γαίης· ἀμφὶ δὲ ὄσσε κελαινὴ νὺξ ἐκάλυψε.
καί νύ κεν ἔνθʼ ἀπόλοιτο ἄναξ ἀνδρῶν Αἰνείας,
εἰ μὴ ἄρʼ ὀξὺ νόησε Διὸς θυγάτηρ Ἀφροδίτη
μήτηρ, ἥ μιν ὑπʼ Ἀγχίσῃ τέκε βουκολέοντι·
ἀμφὶ δʼ ἑὸν φίλον υἱὸν ἐχεύατο πήχεε λευκώ,
πρόσθε δέ οἱ πέπλοιο φαεινοῦ πτύγμα κάλυψεν
ἕρκος ἔμεν βελέων, μή τις Δαναῶν ταχυπώλων
χαλκὸν ἐνὶ στήθεσσι βαλὼν ἐκ θυμὸν ἕλοιτο.
ἣ μὲν ἑὸν φίλον υἱὸν ὑπεξέφερεν πολέμοιο·
οὐδʼ υἱὸς Καπανῆος ἐλήθετο συνθεσιάων
τάων ἃς ἐπέτελλε βοὴν ἀγαθὸς Διομήδης,
ἀλλʼ ὅ γε τοὺς μὲν ἑοὺς ἠρύκακε μώνυχας ἵππους
νόσφιν ἀπὸ φλοίσβου ἐξ ἄντυγος ἡνία τείνας,
Αἰνείαο δʼ ἐπαΐξας καλλίτριχας ἵππους
ἐξέλασε Τρώων μετʼ ἐϋκνήμιδας Ἀχαιούς.
δῶκε δὲ Δηϊπύλῳ ἑτάρῳ φίλῳ, ὃν περὶ πάσης
τῖεν ὁμηλικίης ὅτι οἱ φρεσὶν ἄρτια ᾔδη,
νηυσὶν ἔπι γλαφυρῇσιν ἐλαυνέμεν· αὐτὰρ ὅ γʼ ἥρως","Aeneas sprang from his chariot armed with shield and spear,
      fearing lest the Achaeans should carry off the body. He bestrode
      it as a lion in the pride of strength, with shield and spear
      before him and a cry of battle on his lips resolute to kill the
      first that should dare face him. But the son of Tydeus caught up
      a mighty stone, so huge and great that as men now are it would
      take two to lift it; nevertheless he bore it aloft with ease
      unaided, and with this he struck Aeneas on the groin where the
      hip turns in the joint that is called the “cup-bone.” The stone
      crushed this joint, and broke both the sinews, while its jagged
      edges tore away all the flesh. The hero fell on his knees, and
      propped himself with his hand resting on the ground till the
      darkness of night fell upon his eyes. And now Aeneas, king of
      men, would have perished then and there, had not his mother,
      Jove’s daughter Venus, who had conceived him by Anchises when he
      was herding cattle, been quick to mark, and thrown her two white
      arms about the body of her dear son. She protected him by
      covering him with a fold of her own fair garment, lest some
      Danaan should drive a spear into his breast and kill him.",8c3449bb2b6522f93820f519976ada07a0dfa029c9e5597b455c7b7ac1a1cd48,4ec147676593e007e9cbe6dec965adfead4731454a92ba55330ed25334c963c5,a7ef38f74d3c43a294249f901921449f8c3366d0de0a846f5cd305ebd66f5854,machine_proposed_unreviewed,pending_human_review,no,excluded_until_human_review
homer-iliad-grc-monro-allen-perseus--homer-iliad-en-butler-pg2199--book-05--segment-028,homer-iliad,homer-iliad-grc-monro-allen-perseus,homer-iliad-en-butler-pg2199,5,28,source_line_range_to_translation_paragraph,proportional_translation_paragraph_tokens_v1,5.328,5.340,13,0,28,3091,3213,123,17609,18286,"ὧν ἵππων ἐπιβὰς ἔλαβʼ ἡνία σιγαλόεντα,
αἶψα δὲ Τυδεΐδην μέθεπε κρατερώνυχας ἵππους
ἐμμεμαώς· ὃ δὲ Κύπριν ἐπῴχετο νηλέϊ χαλκῷ
γιγνώσκων ὅ τʼ ἄναλκις ἔην θεός, οὐδὲ θεάων
τάων αἵ τʼ ἀνδρῶν πόλεμον κάτα κοιρανέουσιν,
οὔτʼ ἄρʼ Ἀθηναίη οὔτε πτολίπορθος Ἐνυώ.
ἀλλʼ ὅτε δή ῥʼ ἐκίχανε πολὺν καθʼ ὅμιλον ὀπάζων,
ἔνθʼ ἐπορεξάμενος μεγαθύμου Τυδέος υἱὸς
ἄκρην οὔτασε χεῖρα μετάλμενος ὀξέϊ δουρὶ
ἀβληχρήν· εἶθαρ δὲ δόρυ χροὸς ἀντετόρησεν
ἀμβροσίου διὰ πέπλου, ὅν οἱ Χάριτες κάμον αὐταί,
πρυμνὸν ὕπερ θέναρος· ῥέε δʼ ἄμβροτον αἷμα θεοῖο
ἰχώρ, οἷός πέρ τε ῥέει μακάρεσσι θεοῖσιν·","Thus, then, did she bear her dear son out of the fight. But the
      son of Capaneus was not unmindful of the orders that Diomed had
      given him. He made his own horses fast, away from the
      hurly-burly, by binding the reins to the rim of the chariot. Then
      he sprang upon Aeneas’s horses and drove them from the Trojan to
      the Achaean ranks. When he had so done he gave them over to his
      chosen comrade Deipylus, whom he valued above all others as the
      one who was most like-minded with himself, to take them on to the
      ships. He then remounted his own chariot, seized the reins, and
      drove with all speed in search of the son of Tydeus.",8c3449bb2b6522f93820f519976ada07a0dfa029c9e5597b455c7b7ac1a1cd48,4ec147676593e007e9cbe6dec965adfead4731454a92ba55330ed25334c963c5,a7ef38f74d3c43a294249f901921449f8c3366d0de0a846f5cd305ebd66f5854,machine_proposed_unreviewed,pending_human_review,no,excluded_until_human_review
homer-iliad-grc-monro-allen-perseus--homer-iliad-en-butler-pg2199--book-05--segment-029,homer-iliad,homer-iliad-grc-monro-allen-perseus,homer-iliad-en-butler-pg2199,5,29,source_line_range_to_translation_paragraph,proportional_translation_paragraph_tokens_v1,5.341,5.363,23,0,29,3214,3434,221,18294,19520,"οὐ γὰρ σῖτον ἔδουσʼ, οὐ πίνουσʼ αἴθοπα οἶνον,
τοὔνεκʼ ἀναίμονές εἰσι καὶ ἀθάνατοι καλέονται.
ἣ δὲ μέγα ἰάχουσα ἀπὸ ἕο κάββαλεν υἱόν·
καὶ τὸν μὲν μετὰ χερσὶν ἐρύσατο Φοῖβος Ἀπόλλων
κυανέῃ νεφέλῃ, μή τις Δαναῶν ταχυπώλων
χαλκὸν ἐνὶ στήθεσσι βαλὼν ἐκ θυμὸν ἕλοιτο·
τῇ δʼ ἐπὶ μακρὸν ἄϋσε βοὴν ἀγαθὸς Διομήδης·
εἶκε Διὸς θύγατερ πολέμου καὶ δηϊοτῆτος·
ἦ οὐχ ἅλις ὅττι γυναῖκας ἀνάλκιδας ἠπεροπεύεις;
εἰ δὲ σύ γʼ ἐς πόλεμον πωλήσεαι, ἦ τέ σʼ ὀΐω
ῥιγήσειν πόλεμόν γε καὶ εἴ χʼ ἑτέρωθι πύθηαι.
ὣς ἔφαθʼ, ἣ δʼ ἀλύουσʼ ἀπεβήσετο, τείρετο δʼ αἰνῶς·
τὴν μὲν ἄρʼ Ἶρις ἑλοῦσα ποδήνεμος ἔξαγʼ ὁμίλου
ἀχθομένην ὀδύνῃσι, μελαίνετο δὲ χρόα καλόν.
εὗρεν ἔπειτα μάχης ἐπʼ ἀριστερὰ θοῦρον Ἄρηα
ἥμενον· ἠέρι δʼ ἔγχος ἐκέκλιτο καὶ ταχέʼ ἵππω·
ἣ δὲ γνὺξ ἐριποῦσα κασιγνήτοιο φίλοιο
πολλὰ λισσομένη χρυσάμπυκας ᾔτεεν ἵππους·
φίλε κασίγνητε κόμισαί τέ με δός τέ μοι ἵππους,
ὄφρʼ ἐς Ὄλυμπον ἵκωμαι ἵνʼ ἀθανάτων ἕδος ἐστί.
λίην ἄχθομαι ἕλκος ὅ με βροτὸς οὔτασεν ἀνὴρ
Τυδεΐδης, ὃς νῦν γε καὶ ἂν Διὶ πατρὶ μάχοιτο.
ὣς φάτο, τῇ δʼ ἄρʼ Ἄρης δῶκε χρυσάμπυκας ἵππους·","Now the son of Tydeus was in pursuit of the Cyprian goddess,
      spear in hand, for he knew her to be feeble and not one of those
      goddesses that can lord it among men in battle like Minerva or
      Enyo the waster of cities, and when at last after a long chase he
      caught her up, he flew at her and thrust his spear into the flesh
      of her delicate hand. The point tore through the ambrosial robe
      which the Graces had woven for her, and pierced the skin between
      her wrist and the palm of her hand, so that the immortal blood,
      or ichor, that flows in the veins of the blessed gods, came
      pouring from the wound; for the gods do not eat bread nor drink
      wine, hence they have no blood such as ours, and are immortal.
      Venus screamed aloud, and let her son fall, but Phoebus Apollo
      caught him in his arms, and hid him in a cloud of darkness, lest
      some Danaan should drive a spear into his breast and kill him;
      and Diomed shouted out as he left her, “Daughter of Jove, leave
      war and battle alone, can you not be contented with beguiling
      silly women? If you meddle with fighting you will get what will
      make you shudder at the very name of war.”",8c3449bb2b6522f93820f519976ada07a0dfa029c9e5597b455c7b7ac1a1cd48,4ec147676593e007e9cbe6dec965adfead4731454a92ba55330ed25334c963c5,a7ef38f74d3c43a294249f901921449f8c3366d0de0a846f5cd305ebd66f5854,machine_proposed_unreviewed,pending_human_review,no,excluded_until_human_review
homer-iliad-grc-monro-allen-perseus--homer-iliad-en-butler-pg2199--book-05--segment-030,homer-iliad,homer-iliad-grc-monro-allen-perseus,homer-iliad-en-butler-pg2199,5,30,source_line_range_to_translation_paragraph,proportional_translation_paragraph_tokens_v1,5.364,5.375,12,0,30,3435,3541,107,19528,20133,"ἣ δʼ ἐς δίφρον ἔβαινεν ἀκηχεμένη φίλον ἦτορ,
πὰρ δέ οἱ Ἶρις ἔβαινε καὶ ἡνία λάζετο χερσί,
μάστιξεν δʼ ἐλάαν, τὼ δʼ οὐκ ἀέκοντε πετέσθην.
αἶψα δʼ ἔπειθʼ ἵκοντο θεῶν ἕδος αἰπὺν Ὄλυμπον·
ἔνθʼ ἵππους ἔστησε ποδήνεμος ὠκέα Ἶρις
λύσασʼ ἐξ ὀχέων, παρὰ δʼ ἀμβρόσιον βάλεν εἶδαρ·
ἣ δʼ ἐν γούνασι πῖπτε Διώνης δῖʼ Ἀφροδίτη
μητρὸς ἑῆς· ἣ δʼ ἀγκὰς ἐλάζετο θυγατέρα ἥν,
χειρί τέ μιν κατέρεξεν ἔπος τʼ ἔφατʼ ἐκ τʼ ὀνόμαζε·
τίς νύ σε τοιάδʼ ἔρεξε φίλον τέκος Οὐρανιώνων
μαψιδίως, ὡς εἴ τι κακὸν ῥέζουσαν ἐνωπῇ;
τὴν δʼ ἠμείβετʼ ἔπειτα φιλομμειδὴς Ἀφροδίτη·","The goddess went dazed and discomfited away, and Iris, fleet as
      the wind, drew her from the throng, in pain and with her fair
      skin all besmirched. She found fierce Mars waiting on the left of
      the battle, with his spear and his two fleet steeds resting on a
      cloud; whereon she fell on her knees before her brother and
      implored him to let her have his horses. “Dear brother,” she
      cried, “save me, and give me your horses to take me to Olympus
      where the gods dwell. I am badly wounded by a mortal, the son of
      Tydeus, who would now fight even with father Jove.”",8c3449bb2b6522f93820f519976ada07a0dfa029c9e5597b455c7b7ac1a1cd48,4ec147676593e007e9cbe6dec965adfead4731454a92ba55330ed25334c963c5,a7ef38f74d3c43a294249f901921449f8c3366d0de0a846f5cd305ebd66f5854,machine_proposed_unreviewed,pending_human_review,no,excluded_until_human_review
homer-iliad-grc-monro-allen-perseus--homer-iliad-en-butler-pg2199--book-05--segment-031,homer-iliad,homer-iliad-grc-monro-allen-perseus,homer-iliad-en-butler-pg2199,5,31,source_line_range_to_translation_paragraph,proportional_translation_paragraph_tokens_v1,5.376,5.387,12,0,31,3542,3661,120,20141,20846,"οὖτά με Τυδέος υἱὸς ὑπέρθυμος Διομήδης,
οὕνεκʼ ἐγὼ φίλον υἱὸν ὑπεξέφερον πολέμοιο
Αἰνείαν, ὃς ἐμοὶ πάντων πολὺ φίλτατός ἐστιν.
οὐ γὰρ ἔτι Τρώων καὶ Ἀχαιῶν φύλοπις αἰνή,
ἀλλʼ ἤδη Δαναοί γε καὶ ἀθανάτοισι μάχονται.
τὴν δʼ ἠμείβετʼ ἔπειτα Διώνη, δῖα θεάων·
τέτλαθι τέκνον ἐμόν, καὶ ἀνάσχεο κηδομένη περ·
πολλοὶ γὰρ δὴ τλῆμεν Ὀλύμπια δώματʼ ἔχοντες
ἐξ ἀνδρῶν χαλέπʼ ἄλγεʼ ἐπʼ ἀλλήλοισι τιθέντες.
τλῆ μὲν Ἄρης ὅτε μιν Ὦτος κρατερός τʼ Ἐφιάλτης
παῖδες Ἀλωῆος, δῆσαν κρατερῷ ἐνὶ δεσμῷ·
χαλκέῳ δʼ ἐν κεράμῳ δέδετο τρισκαίδεκα μῆνας·","Thus she spoke, and Mars gave her his gold-bedizened steeds. She
      mounted the chariot sick and sorry at heart, while Iris sat
      beside her and took the reins in her hand. She lashed her horses
      on and they flew forward nothing loth, till in a trice they were
      at high Olympus, where the gods have their dwelling. There she
      stayed them, unloosed them from the chariot, and gave them their
      ambrosial forage; but Venus flung herself on to the lap of her
      mother Dione, who threw her arms about her and caressed her,
      saying, “Which of the heavenly beings has been treating you in
      this way, as though you had been doing something wrong in the
      face of day?”",8c3449bb2b6522f93820f519976ada07a0dfa029c9e5597b455c7b7ac1a1cd48,4ec147676593e007e9cbe6dec965adfead4731454a92ba55330ed25334c963c5,a7ef38f74d3c43a294249f901921449f8c3366d0de0a846f5cd305ebd66f5854,machine_proposed_unreviewed,pending_human_review,no,excluded_until_human_review
homer-iliad-grc-monro-allen-perseus--homer-iliad-en-butler-pg2199--book-05--segment-032,homer-iliad,homer-iliad-grc-monro-allen-perseus,homer-iliad-en-butler-pg2199,5,32,source_line_range_to_translation_paragraph,proportional_translation_paragraph_tokens_v1,5.388,5.393,6,0,32,3662,3714,53,20854,21170,"καί νύ κεν ἔνθʼ ἀπόλοιτο Ἄρης ἆτος πολέμοιο,
εἰ μὴ μητρυιὴ περικαλλὴς Ἠερίβοια
Ἑρμέᾳ ἐξήγγειλεν· ὃ δʼ ἐξέκλεψεν Ἄρηα
ἤδη τειρόμενον, χαλεπὸς δέ ἑ δεσμὸς ἐδάμνα.
τλῆ δʼ Ἥρη, ὅτε μιν κρατερὸς πάϊς Ἀμφιτρύωνος
δεξιτερὸν κατὰ μαζὸν ὀϊστῷ τριγλώχινι","And laughter-loving Venus answered, “Proud Diomed, the son of
      Tydeus, wounded me because I was bearing my dear son Aeneas, whom
      I love best of all mankind, out of the fight. The war is no
      longer one between Trojans and Achaeans, for the Danaans have now
      taken to fighting with the immortals.”",8c3449bb2b6522f93820f519976ada07a0dfa029c9e5597b455c7b7ac1a1cd48,4ec147676593e007e9cbe6dec965adfead4731454a92ba55330ed25334c963c5,a7ef38f74d3c43a294249f901921449f8c3366d0de0a846f5cd305ebd66f5854,machine_proposed_unreviewed,pending_human_review,no,excluded_until_human_review
homer-iliad-grc-monro-allen-perseus--homer-iliad-en-butler-pg2199--book-05--segment-033,homer-iliad,homer-iliad-grc-monro-allen-perseus,homer-iliad-en-butler-pg2199,5,33,source_line_range_to_translation_paragraph,proportional_translation_paragraph_tokens_v1,5.394,5.426,33,0,33,3715,4023,309,21178,22985,"βεβλήκει· τότε καί μιν ἀνήκεστον λάβεν ἄλγος.
τλῆ δʼ Ἀΐδης ἐν τοῖσι πελώριος ὠκὺν ὀϊστόν,
εὖτέ μιν ωὐτὸς ἀνὴρ υἱὸς Διὸς αἰγιόχοιο
ἐν Πύλῳ ἐν νεκύεσσι βαλὼν ὀδύνῃσιν ἔδωκεν·
αὐτὰρ ὃ βῆ πρὸς δῶμα Διὸς καὶ μακρὸν Ὄλυμπον
κῆρ ἀχέων ὀδύνῃσι πεπαρμένος· αὐτὰρ ὀϊστὸς
ὤμῳ ἔνι στιβαρῷ ἠλήλατο, κῆδε δὲ θυμόν.
τῷ δʼ ἐπὶ Παιήων ὀδυνήφατα φάρμακα πάσσων
ἠκέσατʼ· οὐ μὲν γάρ τι καταθνητός γε τέτυκτο.
σχέτλιος ὀβριμοεργὸς ὃς οὐκ ὄθετʼ αἴσυλα ῥέζων,
ὃς τόξοισιν ἔκηδε θεοὺς οἳ Ὄλυμπον ἔχουσι.
σοὶ δʼ ἐπὶ τοῦτον ἀνῆκε θεὰ γλαυκῶπις Ἀθήνη·
νήπιος, οὐδὲ τὸ οἶδε κατὰ φρένα Τυδέος υἱὸς
ὅττι μάλʼ οὐ δηναιὸς ὃς ἀθανάτοισι μάχηται,
οὐδέ τί μιν παῖδες ποτὶ γούνασι παππάζουσιν
ἐλθόντʼ ἐκ πολέμοιο καὶ αἰνῆς δηϊοτῆτος.
τὼ νῦν Τυδεΐδης, εἰ καὶ μάλα καρτερός ἐστι,
φραζέσθω μή τίς οἱ ἀμείνων σεῖο μάχηται,
μὴ δὴν Αἰγιάλεια περίφρων Ἀδρηστίνη
ἐξ ὕπνου γοόωσα φίλους οἰκῆας ἐγείρῃ
κουρίδιον ποθέουσα πόσιν τὸν ἄριστον Ἀχαιῶν
ἰφθίμη ἄλοχος Διομήδεος ἱπποδάμοιο.
ἦ ῥα καὶ ἀμφοτέρῃσιν ἀπʼ ἰχῶ χειρὸς ὀμόργνυ·
ἄλθετο χείρ, ὀδύναι δὲ κατηπιόωντο βαρεῖαι.
αἳ δʼ αὖτʼ εἰσορόωσαι Ἀθηναίη τε καὶ Ἥρη
κερτομίοις ἐπέεσσι Δία Κρονίδην ἐρέθιζον.
τοῖσι δὲ μύθων ἦρχε θεὰ γλαυκῶπις Ἀθήνη·
Ζεῦ πάτερ ἦ ῥά τί μοι κεχολώσεαι ὅττι κεν εἴπω;
ἦ μάλα δή τινα Κύπρις Ἀχαιϊάδων ἀνιεῖσα
Τρωσὶν ἅμα σπέσθαι, τοὺς νῦν ἔκπαγλα φίλησε,
τῶν τινα καρρέζουσα Ἀχαιϊάδων ἐϋπέπλων
πρὸς χρυσῇ περόνῃ καταμύξατο χεῖρα ἀραιήν.
ὣς φάτο, μείδησεν δὲ πατὴρ ἀνδρῶν τε θεῶν τε,","“Bear it, my child,” replied Dione, “and make the best of it. We
      dwellers in Olympus have to put up with much at the hands of men,
      and we lay much suffering on one another. Mars had to suffer when
      Otus and Ephialtes, children of Aloeus, bound him in cruel bonds,
      so that he lay thirteen months imprisoned in a vessel of bronze.
      Mars would have then perished had not fair Eeriboea, stepmother
      to the sons of Aloeus, told Mercury, who stole him away when he
      was already well-nigh worn out by the severity of his bondage.
      Juno, again, suffered when the mighty son of Amphitryon wounded
      her on the right breast with a three-barbed arrow, and nothing
      could assuage her pain. So, also, did huge Hades, when this same
      man, the son of aegis-bearing Jove, hit him with an arrow even at
      the gates of hell, and hurt him badly. Thereon Hades went to the
      house of Jove on great Olympus, angry and full of pain; and the
      arrow in his brawny shoulder caused him great anguish till Paeeon
      healed him by spreading soothing herbs on the wound, for Hades
      was not of mortal mould. Daring, headstrong, evildoer who recked
      not of his sin in shooting the gods that dwell in Olympus. And
      now Minerva has egged this son of Tydeus on against yourself,
      fool that he is for not reflecting that no man who fights with
      gods will live long or hear his children prattling about his
      knees when he returns from battle. Let, then, the son of Tydeus
      see that he does not have to fight with one who is stronger than
      you are. Then shall his brave wife Aegialeia, daughter of
      Adrestus, rouse her whole house from sleep, wailing for the loss
      of her wedded lord, Diomed the bravest of the Achaeans.”",8c3449bb2b6522f93820f519976ada07a0dfa029c9e5597b455c7b7ac1a1cd48,4ec147676593e007e9cbe6dec965adfead4731454a92ba55330ed25334c963c5,a7ef38f74d3c43a294249f901921449f8c3366d0de0a846f5cd305ebd66f5854,machine_proposed_unreviewed,pending_human_review,no,excluded_until_human_review
homer-iliad-grc-monro-allen-perseus--homer-iliad-en-butler-pg2199--book-05--segment-034,homer-iliad,homer-iliad-grc-monro-allen-perseus,homer-iliad-en-butler-pg2199,5,34,source_line_range_to_translation_paragraph,proportional_translation_paragraph_tokens_v1,5.427,5.437,11,0,34,4024,4130,107,22993,23594,"καί ῥα καλεσσάμενος προσέφη χρυσῆν Ἀφροδίτην·
οὔ τοι τέκνον ἐμὸν δέδοται πολεμήϊα ἔργα,
ἀλλὰ σύ γʼ ἱμερόεντα μετέρχεο ἔργα γάμοιο,
ταῦτα δʼ Ἄρηϊ θοῷ καὶ Ἀθήνῃ πάντα μελήσει.
ὣς οἳ μὲν τοιαῦτα πρὸς ἀλλήλους ἀγόρευον,
Αἰνείᾳ δʼ ἐπόρουσε βοὴν ἀγαθὸς Διομήδης,
γιγνώσκων ὅ οἱ αὐτὸς ὑπείρεχε χεῖρας Ἀπόλλων·
ἀλλʼ ὅ γʼ ἄρʼ οὐδὲ θεὸν μέγαν ἅζετο, ἵετο δʼ αἰεὶ
Αἰνείαν κτεῖναι καὶ ἀπὸ κλυτὰ τεύχεα δῦσαι.
τρὶς μὲν ἔπειτʼ ἐπόρουσε κατακτάμεναι μενεαίνων,
τρὶς δέ οἱ ἐστυφέλιξε φαεινὴν ἀσπίδʼ Ἀπόλλων·","So saying, she wiped the ichor from the wrist of her daughter
      with both hands, whereon the pain left her, and her hand was
      healed. But Minerva and Juno, who were looking on, began to taunt
      Jove with their mocking talk, and Minerva was first to speak.
      “Father Jove,” said she, “do not be angry with me, but I think
      the Cyprian must have been persuading some one of the Achaean
      women to go with the Trojans of whom she is so very fond, and
      while caressing one or other of them she must have torn her
      delicate hand with the gold pin of the woman’s brooch.”",8c3449bb2b6522f93820f519976ada07a0dfa029c9e5597b455c7b7ac1a1cd48,4ec147676593e007e9cbe6dec965adfead4731454a92ba55330ed25334c963c5,a7ef38f74d3c43a294249f901921449f8c3366d0de0a846f5cd305ebd66f5854,machine_proposed_unreviewed,pending_human_review,no,excluded_until_human_review
homer-iliad-grc-monro-allen-perseus--homer-iliad-en-butler-pg2199--book-05--segment-035,homer-iliad,homer-iliad-grc-monro-allen-perseus,homer-iliad-en-butler-pg2199,5,35,source_line_range_to_translation_paragraph,proportional_translation_paragraph_tokens_v1,5.438,5.442,5,0,35,4131,4176,46,23602,23870,"ἀλλʼ ὅτε δὴ τὸ τέταρτον ἐπέσσυτο δαίμονι ἶσος,
δεινὰ δʼ ὁμοκλήσας προσέφη ἑκάεργος Ἀπόλλων·
φράζεο Τυδεΐδη καὶ χάζεο, μηδὲ θεοῖσιν
ἶσʼ ἔθελε φρονέειν, ἐπεὶ οὔ ποτε φῦλον ὁμοῖον
ἀθανάτων τε θεῶν χαμαὶ ἐρχομένων τʼ ἀνθρώπων.","The sire of gods and men smiled, and called golden Venus to his
      side. “My child,” said he, “it has not been given you to be a
      warrior. Attend, henceforth, to your own delightful matrimonial
      duties, and leave all this fighting to Mars and to Minerva.”",8c3449bb2b6522f93820f519976ada07a0dfa029c9e5597b455c7b7ac1a1cd48,4ec147676593e007e9cbe6dec965adfead4731454a92ba55330ed25334c963c5,a7ef38f74d3c43a294249f901921449f8c3366d0de0a846f5cd305ebd66f5854,machine_proposed_unreviewed,pending_human_review,no,excluded_until_human_review
homer-iliad-grc-monro-allen-perseus--homer-iliad-en-butler-pg2199--book-05--segment-036,homer-iliad,homer-iliad-grc-monro-allen-perseus,homer-iliad-en-butler-pg2199,5,36,source_line_range_to_translation_paragraph,proportional_translation_paragraph_tokens_v1,5.443,5.454,12,0,36,4177,4293,117,23878,24534,"ὣς φάτο, Τυδεΐδης δʼ ἀνεχάζετο τυτθὸν ὀπίσσω
μῆνιν ἀλευάμενος ἑκατηβόλου Ἀπόλλωνος.
Αἰνείαν δʼ ἀπάτερθεν ὁμίλου θῆκεν Ἀπόλλων
Περγάμῳ εἰν ἱερῇ, ὅθι οἱ νηός γε τέτυκτο.
ἤτοι τὸν Λητώ τε καὶ Ἄρτεμις ἰοχέαιρα
ἐν μεγάλῳ ἀδύτῳ ἀκέοντό τε κύδαινόν τε·
αὐτὰρ ὃ εἴδωλον τεῦξʼ ἀργυρότοξος Ἀπόλλων
αὐτῷ τʼ Αἰνείᾳ ἴκελον καὶ τεύχεσι τοῖον,
ἀμφὶ δʼ ἄρʼ εἰδώλῳ Τρῶες καὶ δῖοι Ἀχαιοὶ
δῄουν ἀλλήλων ἀμφὶ στήθεσσι βοείας
ἀσπίδας εὐκύκλους λαισήϊά τε πτερόεντα.
δὴ τότε θοῦρον Ἄρηα προσηύδα Φοῖβος Ἀπόλλων·","Thus did they converse. But Diomed sprang upon Aeneas, though he
      knew him to be in the very arms of Apollo. Not one whit did he
      fear the mighty god, so set was he on killing Aeneas and
      stripping him of his armour. Thrice did he spring forward with
      might and main to slay him, and thrice did Apollo beat back his
      gleaming shield. When he was coming on for the fourth time, as
      though he were a god, Apollo shouted to him with an awful voice
      and said, “Take heed, son of Tydeus, and draw off; think not to
      match yourself against gods, for men that walk the earth cannot
      hold their own with the immortals.”",8c3449bb2b6522f93820f519976ada07a0dfa029c9e5597b455c7b7ac1a1cd48,4ec147676593e007e9cbe6dec965adfead4731454a92ba55330ed25334c963c5,a7ef38f74d3c43a294249f901921449f8c3366d0de0a846f5cd305ebd66f5854,machine_proposed_unreviewed,pending_human_review,no,excluded_until_human_review
homer-iliad-grc-monro-allen-perseus--homer-iliad-en-butler-pg2199--book-05--segment-037,homer-iliad,homer-iliad-grc-monro-allen-perseus,homer-iliad-en-butler-pg2199,5,37,source_line_range_to_translation_paragraph,proportional_translation_paragraph_tokens_v1,5.455,5.472,18,0,37,4294,4458,165,24542,25501,"Ἆρες Ἄρες βροτολοιγὲ μιαιφόνε τειχεσιπλῆτα,
οὐκ ἂν δὴ τόνδʼ ἄνδρα μάχης ἐρύσαιο μετελθὼν
Τυδεΐδην, ὃς νῦν γε καὶ ἂν Διὶ πατρὶ μάχοιτο;
Κύπριδα μὲν πρῶτα σχεδὸν οὔτασε χεῖρʼ ἐπὶ καρπῷ,
αὐτὰρ ἔπειτʼ αὐτῷ μοι ἐπέσσυτο δαίμονι ἶσος.
ὣς εἰπὼν αὐτὸς μὲν ἐφέζετο Περγάμῳ ἄκρῃ,
Τρῳὰς δὲ στίχας οὖλος Ἄρης ὄτρυνε μετελθὼν
εἰδόμενος Ἀκάμαντι θοῷ ἡγήτορι Θρῃκῶν·
υἱάσι δὲ Πριάμοιο διοτρεφέεσσι κέλευεν·
ὦ υἱεῖς Πριάμοιο διοτρεφέος βασιλῆος
ἐς τί ἔτι κτείνεσθαι ἐάσετε λαὸν Ἀχαιοῖς;
ἦ εἰς ὅ κεν ἀμφὶ πύλῃς εὖ ποιητῇσι μάχωνται;
κεῖται ἀνὴρ ὃν ἶσον ἐτίομεν Ἕκτορι δίῳ
Αἰνείας υἱὸς μεγαλήτορος Ἀγχίσαο·
ἀλλʼ ἄγετʼ ἐκ φλοίσβοιο σαώσομεν ἐσθλὸν ἑταῖρον.
ὣς εἰπὼν ὄτρυνε μένος καὶ θυμὸν ἑκάστου.
ἔνθʼ αὖ Σαρπηδὼν μάλα νείκεσεν Ἕκτορα δῖον·
Ἕκτορ πῇ δή τοι μένος οἴχεται ὃ πρὶν ἔχεσκες;","The son of Tydeus then gave way for a little space, to avoid the
      anger of the god, while Apollo took Aeneas out of the crowd and
      set him in sacred Pergamus, where his temple stood. There, within
      the mighty sanctuary, Latona and Diana healed him and made him
      glorious to behold, while Apollo of the silver bow fashioned a
      wraith in the likeness of Aeneas, and armed as he was. Round this
      the Trojans and Achaeans hacked at the bucklers about one
      another’s breasts, hewing each other’s round shields and light
      hide-covered targets. Then Phoebus Apollo said to Mars, “Mars,
      Mars, bane of men, blood-stained stormer of cities, can you not
      go to this man, the son of Tydeus, who would now fight even with
      father Jove, and draw him out of the battle? He first went up to
      the Cyprian and wounded her in the hand near her wrist, and
      afterwards sprang upon me too, as though he were a god.”",8c3449bb2b6522f93820f519976ada07a0dfa029c9e5597b455c7b7ac1a1cd48,4ec147676593e007e9cbe6dec965adfead4731454a92ba55330ed25334c963c5,a7ef38f74d3c43a294249f901921449f8c3366d0de0a846f5cd305ebd66f5854,machine_proposed_unreviewed,pending_human_review,no,excluded_until_human_review
homer-iliad-grc-monro-allen-perseus--homer-iliad-en-butler-pg2199--book-05--segment-038,homer-iliad,homer-iliad-grc-monro-allen-perseus,homer-iliad-en-butler-pg2199,5,38,source_line_range_to_translation_paragraph,proportional_translation_paragraph_tokens_v1,5.473,5.482,10,0,38,4459,4553,95,25509,26049,"φῆς που ἄτερ λαῶν πόλιν ἑξέμεν ἠδʼ ἐπικούρων
οἶος σὺν γαμβροῖσι κασιγνήτοισί τε σοῖσι.
τῶν νῦν οὔ τινʼ ἐγὼ ἰδέειν δύναμʼ οὐδὲ νοῆσαι,
ἀλλὰ καταπτώσσουσι κύνες ὣς ἀμφὶ λέοντα·
ἡμεῖς δὲ μαχόμεσθʼ οἵ πέρ τʼ ἐπίκουροι ἔνειμεν.
καὶ γὰρ ἐγὼν ἐπίκουρος ἐὼν μάλα τηλόθεν ἥκω·
τηλοῦ γὰρ Λυκίη Ξάνθῳ ἔπι δινήεντι,
ἔνθʼ ἄλοχόν τε φίλην ἔλιπον καὶ νήπιον υἱόν,
κὰδ δὲ κτήματα πολλά, τὰ ἔλδεται ὅς κʼ ἐπιδευής.
ἀλλὰ καὶ ὧς Λυκίους ὀτρύνω καὶ μέμονʼ αὐτὸς","He then took his seat on the top of Pergamus, while murderous
      Mars went about among the ranks of the Trojans, cheering them on,
      in the likeness of fleet Acamas chief of the Thracians. “Sons of
      Priam,” said he, “how long will you let your people be thus
      slaughtered by the Achaeans? Would you wait till they are at the
      walls of Troy? Aeneas the son of Anchises has fallen, he whom we
      held in as high honour as Hector himself. Help me, then, to
      rescue our brave comrade from the stress of the fight.”",8c3449bb2b6522f93820f519976ada07a0dfa029c9e5597b455c7b7ac1a1cd48,4ec147676593e007e9cbe6dec965adfead4731454a92ba55330ed25334c963c5,a7ef38f74d3c43a294249f901921449f8c3366d0de0a846f5cd305ebd66f5854,machine_proposed_unreviewed,pending_human_review,no,excluded_until_human_review
homer-iliad-grc-monro-allen-perseus--homer-iliad-en-butler-pg2199--book-05--segment-039,homer-iliad,homer-iliad-grc-monro-allen-perseus,homer-iliad-en-butler-pg2199,5,39,source_line_range_to_translation_paragraph,proportional_translation_paragraph_tokens_v1,5.483,5.503,21,0,39,4554,4758,205,26057,27235,"ἀνδρὶ μαχήσασθαι· ἀτὰρ οὔ τί μοι ἐνθάδε τοῖον
οἷόν κʼ ἠὲ φέροιεν Ἀχαιοὶ ἤ κεν ἄγοιεν·
τύνη δʼ ἕστηκας, ἀτὰρ οὐδʼ ἄλλοισι κελεύεις
λαοῖσιν μενέμεν καὶ ἀμυνέμεναι ὤρεσσι.
μή πως ὡς ἀψῖσι λίνου ἁλόντε πανάγρου
ἀνδράσι δυσμενέεσσιν ἕλωρ καὶ κύρμα γένησθε·
οἳ δὲ τάχʼ ἐκπέρσουσʼ εὖ ναιομένην πόλιν ὑμήν.
σοὶ δὲ χρὴ τάδε πάντα μέλειν νύκτάς τε καὶ ἦμαρ
ἀρχοὺς λισσομένῳ τηλεκλειτῶν ἐπικούρων
νωλεμέως ἐχέμεν, κρατερὴν δʼ ἀποθέσθαι ἐνιπήν.
ὣς φάτο Σαρπηδών, δάκε δὲ φρένας Ἕκτορι μῦθος·
αὐτίκα δʼ ἐξ ὀχέων σὺν τεύχεσιν ἆλτο χαμᾶζε,
πάλλων δʼ ὀξέα δοῦρα κατὰ στρατὸν ᾤχετο πάντῃ
ὀτρύνων μαχέσασθαι, ἔγειρε δὲ φύλοπιν αἰνήν.
οἳ δʼ ἐλελίχθησαν καὶ ἐναντίοι ἔσταν Ἀχαιῶν·
Ἀργεῖοι δʼ ὑπέμειναν ἀολλέες οὐδὲ φόβηθεν.
ὡς δʼ ἄνεμος ἄχνας φορέει ἱερὰς κατʼ ἀλωὰς
ἀνδρῶν λικμώντων, ὅτε τε ξανθὴ Δημήτηρ
κρίνῃ ἐπειγομένων ἀνέμων καρπόν τε καὶ ἄχνας,
αἳ δʼ ὑπολευκαίνονται ἀχυρμιαί· ὣς τότʼ Ἀχαιοὶ
λευκοὶ ὕπερθε γένοντο κονισάλῳ, ὅν ῥα διʼ αὐτῶν","With these words he put heart and soul into them all. Then
      Sarpedon rebuked Hector very sternly. “Hector,” said he, “where
      is your prowess now? You used to say that though you had neither
      people nor allies you could hold the town alone with your
      brothers and brothers-in-law. I see not one of them here; they
      cower as hounds before a lion; it is we, your allies, who bear
      the brunt of the battle. I have come from afar, even from Lycia
      and the banks of the river Xanthus, where I have left my wife, my
      infant son, and much wealth to tempt whoever is needy;
      nevertheless, I head my Lycian soldiers and stand my ground
      against any who would fight me though I have nothing here for the
      Achaeans to plunder, while you look on, without even bidding your
      men stand firm in defence of their wives. See that you fall not
      into the hands of your foes as men caught in the meshes of a net,
      and they sack your fair city forthwith. Keep this before your
      mind night and day, and beseech the captains of your allies to
      hold on without flinching, and thus put away their reproaches
      from you.”",8c3449bb2b6522f93820f519976ada07a0dfa029c9e5597b455c7b7ac1a1cd48,4ec147676593e007e9cbe6dec965adfead4731454a92ba55330ed25334c963c5,a7ef38f74d3c43a294249f901921449f8c3366d0de0a846f5cd305ebd66f5854,machine_proposed_unreviewed,pending_human_review,no,excluded_until_human_review
homer-iliad-grc-monro-allen-perseus--homer-iliad-en-butler-pg2199--book-05--segment-040,homer-iliad,homer-iliad-grc-monro-allen-perseus,homer-iliad-en-butler-pg2199,5,40,source_line_range_to_translation_paragraph,proportional_translation_paragraph_tokens_v1,5.504,5.531,28,0,40,4759,5016,258,27243,28774,"οὐρανὸν ἐς πολύχαλκον ἐπέπληγον πόδες ἵππων
ἂψ ἐπιμισγομένων· ὑπὸ δʼ ἔστρεφον ἡνιοχῆες.
οἳ δὲ μένος χειρῶν ἰθὺς φέρον· ἀμφὶ δὲ νύκτα
θοῦρος Ἄρης ἐκάλυψε μάχῃ Τρώεσσιν ἀρήγων
πάντοσʼ ἐποιχόμενος· τοῦ δʼ ἐκραίαινεν ἐφετμὰς
Φοίβου Ἀπόλλωνος χρυσαόρου, ὅς μιν ἀνώγει
Τρωσὶν θυμὸν ἐγεῖραι, ἐπεὶ ἴδε Παλλάδʼ Ἀθήνην
οἰχομένην· ἣ γάρ ῥα πέλεν Δαναοῖσιν ἀρηγών.
αὐτὸς δʼ Αἰνείαν μάλα πίονος ἐξ ἀδύτοιο
ἧκε, καὶ ἐν στήθεσσι μένος βάλε ποιμένι λαῶν.
Αἰνείας δʼ ἑτάροισι μεθίστατο· τοὶ δὲ χάρησαν,
ὡς εἶδον ζωόν τε καὶ ἀρτεμέα προσιόντα
καὶ μένος ἐσθλὸν ἔχοντα· μετάλλησάν γε μὲν οὔ τι.
οὐ γὰρ ἔα πόνος ἄλλος, ὃν ἀργυρότοξος ἔγειρεν
Ἄρης τε βροτολοιγὸς Ἔρις τʼ ἄμοτον μεμαυῖα.
τοὺς δʼ Αἴαντε δύω καὶ Ὀδυσσεὺς καὶ Διομήδης
ὄτρυνον Δαναοὺς πολεμιζέμεν· οἳ δὲ καὶ αὐτοὶ
οὔτε βίας Τρώων ὑπεδείδισαν οὔτε ἰωκάς,
ἀλλʼ ἔμενον νεφέλῃσιν ἐοικότες ἅς τε Κρονίων
νηνεμίης ἔστησεν ἐπʼ ἀκροπόλοισιν ὄρεσσιν
ἀτρέμας, ὄφρʼ εὕδῃσι μένος Βορέαο καὶ ἄλλων
ζαχρειῶν ἀνέμων, οἵ τε νέφεα σκιόεντα
πνοιῇσιν λιγυρῇσι διασκιδνᾶσιν ἀέντες·
ὣς Δαναοὶ Τρῶας μένον ἔμπεδον οὐδὲ φέβοντο.
Ἀτρεΐδης δʼ ἀνʼ ὅμιλον ἐφοίτα πολλὰ κελεύων·
ὦ φίλοι ἀνέρες ἔστε καὶ ἄλκιμον ἦτορ ἕλεσθε,
ἀλλήλους τʼ αἰδεῖσθε κατὰ κρατερὰς ὑσμίνας·
αἰδομένων ἀνδρῶν πλέονες σόοι ἠὲ πέφανται·","So spoke Sarpedon, and Hector smarted under his words. He sprang
      from his chariot clad in his suit of armour, and went about among
      the host brandishing his two spears, exhorting the men to fight
      and raising the terrible cry of battle. Then they rallied and
      again faced the Achaeans, but the Argives stood compact and firm,
      and were not driven back. As the breezes sport with the chaff
      upon some goodly threshing-floor, when men are winnowing—while
      yellow Ceres blows with the wind to sift the chaff from the
      grain, and the chaff-heaps grow whiter and whiter—even so did the
      Achaeans whiten in the dust which the horses’ hoofs raised to the
      firmament of heaven, as their drivers turned them back to battle,
      and they bore down with might upon the foe. Fierce Mars, to help
      the Trojans, covered them in a veil of darkness, and went about
      everywhere among them, inasmuch as Phoebus Apollo had told him
      that when he saw Pallas Minerva leave the fray he was to put
      courage into the hearts of the Trojans—for it was she who was
      helping the Danaans. Then Apollo sent Aeneas forth from his rich
      sanctuary, and filled his heart with valour, whereon he took his
      place among his comrades, who were overjoyed at seeing him alive,
      sound, and of a good courage; but they could not ask him how it
      had all happened, for they were too busy with the turmoil raised
      by Mars and by Strife, who raged insatiably in their midst.",8c3449bb2b6522f93820f519976ada07a0dfa029c9e5597b455c7b7ac1a1cd48,4ec147676593e007e9cbe6dec965adfead4731454a92ba55330ed25334c963c5,a7ef38f74d3c43a294249f901921449f8c3366d0de0a846f5cd305ebd66f5854,machine_proposed_unreviewed,pending_human_review,no,excluded_until_human_review
homer-iliad-grc-monro-allen-perseus--homer-iliad-en-butler-pg2199--book-05--segment-041,homer-iliad,homer-iliad-grc-monro-allen-perseus,homer-iliad-en-butler-pg2199,5,41,source_line_range_to_translation_paragraph,proportional_translation_paragraph_tokens_v1,5.532,5.544,13,0,41,5017,5138,122,28782,29537,"φευγόντων δʼ οὔτʼ ἂρ κλέος ὄρνυται οὔτε τις ἀλκή.
ἦ καὶ ἀκόντισε δουρὶ θοῶς, βάλε δὲ πρόμον ἄνδρα
Αἰνείω ἕταρον μεγαθύμου Δηϊκόωντα
Περγασίδην, ὃν Τρῶες ὁμῶς Πριάμοιο τέκεσσι
τῖον, ἐπεὶ θοὸς ἔσκε μετὰ πρώτοισι μάχεσθαι.
τόν ῥα κατʼ ἀσπίδα δουρὶ βάλε κρείων Ἀγαμέμνων·
ἣ δʼ οὐκ ἔγχος ἔρυτο, διὰ πρὸ δὲ εἴσατο χαλκός,
νειαίρῃ δʼ ἐν γαστρὶ διὰ ζωστῆρος ἔλασσε·
δούπησεν δὲ πεσών, ἀράβησε δὲ τεύχεʼ ἐπʼ αὐτῷ.
ἔνθʼ αὖτʼ Αἰνείας Δαναῶν ἕλεν ἄνδρας ἀρίστους
υἷε Διοκλῆος Κρήθωνά τε Ὀρσίλοχόν τε,
τῶν ῥα πατὴρ μὲν ἔναιεν ἐϋκτιμένῃ ἐνὶ Φηρῇ
ἀφνειὸς βιότοιο, γένος δʼ ἦν ἐκ ποταμοῖο","The two Ajaxes, Ulysses and Diomed, cheered the Danaans on,
      fearless of the fury and onset of the Trojans. They stood as
      still as clouds which the son of Saturn has spread upon the
      mountain tops when there is no air and fierce Boreas sleeps with
      the other boisterous winds whose shrill blasts scatter the clouds
      in all directions—even so did the Danaans stand firm and
      unflinching against the Trojans. The son of Atreus went about
      among them and exhorted them. “My friends,” said he, “quit
      yourselves like brave men, and shun dishonour in one another’s
      eyes amid the stress of battle. They that shun dishonour more
      often live than get killed, but they that fly save neither life
      nor name.”",8c3449bb2b6522f93820f519976ada07a0dfa029c9e5597b455c7b7ac1a1cd48,4ec147676593e007e9cbe6dec965adfead4731454a92ba55330ed25334c963c5,a7ef38f74d3c43a294249f901921449f8c3366d0de0a846f5cd305ebd66f5854,machine_proposed_unreviewed,pending_human_review,no,excluded_until_human_review
homer-iliad-grc-monro-allen-perseus--homer-iliad-en-butler-pg2199--book-05--segment-042,homer-iliad,homer-iliad-grc-monro-allen-perseus,homer-iliad-en-butler-pg2199,5,42,source_line_range_to_translation_paragraph,proportional_translation_paragraph_tokens_v1,5.545,5.554,10,0,42,5139,5233,95,29545,30074,"Ἀλφειοῦ, ὅς τʼ εὐρὺ ῥέει Πυλίων διὰ γαίης,
ὃς τέκετʼ Ὀρτίλοχον πολέεσσʼ ἄνδρεσσιν ἄνακτα·
Ὀρτίλοχος δʼ ἄρʼ ἔτικτε Διοκλῆα μεγάθυμον,
ἐκ δὲ Διοκλῆος διδυμάονε παῖδε γενέσθην,
Κρήθων Ὀρσίλοχός τε μάχης εὖ εἰδότε πάσης.
τὼ μὲν ἄρʼ ἡβήσαντε μελαινάων ἐπὶ νηῶν
Ἴλιον εἰς εὔπωλον ἅμʼ Ἀργείοισιν ἑπέσθην,
τιμὴν Ἀτρεΐδῃς Ἀγαμέμνονι καὶ Μενελάῳ
ἀρνυμένω· τὼ δʼ αὖθι τέλος θανάτοιο κάλυψεν.
οἵω τώ γε λέοντε δύω ὄρεος κορυφῇσιν","As he spoke he hurled his spear and hit one of those who were in
      the front rank, the comrade of Aeneas, Deicoon son of Pergasus,
      whom the Trojans held in no less honour than the sons of Priam,
      for he was ever quick to place himself among the foremost. The
      spear of King Agamemnon struck his shield and went right through
      it, for the shield stayed it not. It drove through his belt into
      the lower part of his belly, and his armour rang rattling round
      him as he fell heavily to the ground.",8c3449bb2b6522f93820f519976ada07a0dfa029c9e5597b455c7b7ac1a1cd48,4ec147676593e007e9cbe6dec965adfead4731454a92ba55330ed25334c963c5,a7ef38f74d3c43a294249f901921449f8c3366d0de0a846f5cd305ebd66f5854,machine_proposed_unreviewed,pending_human_review,no,excluded_until_human_review
homer-iliad-grc-monro-allen-perseus--homer-iliad-en-butler-pg2199--book-05--segment-043,homer-iliad,homer-iliad-grc-monro-allen-perseus,homer-iliad-en-butler-pg2199,5,43,source_line_range_to_translation_paragraph,proportional_translation_paragraph_tokens_v1,5.555,5.570,16,0,43,5234,5385,152,30082,30981,"ἐτραφέτην ὑπὸ μητρὶ βαθείης τάρφεσιν ὕλης·
τὼ μὲν ἄρʼ ἁρπάζοντε βόας καὶ ἴφια μῆλα
σταθμοὺς ἀνθρώπων κεραΐζετον, ὄφρα καὶ αὐτὼ
ἀνδρῶν ἐν παλάμῃσι κατέκταθεν ὀξέϊ χαλκῷ·
τοίω τὼ χείρεσσιν ὑπʼ Αἰνείαο δαμέντε
καππεσέτην, ἐλάτῃσιν ἐοικότες ὑψηλῇσι.
τὼ δὲ πεσόντʼ ἐλέησεν ἀρηΐφιλος Μενέλαος,
βῆ δὲ διὰ προμάχων κεκορυθμένος αἴθοπι χαλκῷ
σείων ἐγχείην· τοῦ δʼ ὄτρυνεν μένος Ἄρης,
τὰ φρονέων ἵνα χερσὶν ὑπʼ Αἰνείαο δαμείη.
τὸν δʼ ἴδεν Ἀντίλοχος μεγαθύμου Νέστορος υἱός,
βῆ δὲ διὰ προμάχων· περὶ γὰρ δίε ποιμένι λαῶν
μή τι πάθοι, μέγα δέ σφας ἀποσφήλειε πόνοιο.
τὼ μὲν δὴ χεῖράς τε καὶ ἔγχεα ὀξυόεντα
ἀντίον ἀλλήλων ἐχέτην μεμαῶτε μάχεσθαι·
Ἀντίλοχος δὲ μάλʼ ἄγχι παρίστατο ποιμένι λαῶν.","Then Aeneas killed two champions of the Danaans, Crethon and
      Orsilochus. Their father was a rich man who lived in the strong
      city of Phere and was descended from the river Alpheus, whose
      broad stream flows through the land of the Pylians. The river
      begat Orsilochus, who ruled over much people and was father to
      Diocles, who in his turn begat twin sons, Crethon and Orsilochus,
      well skilled in all the arts of war. These, when they grew up,
      went to Ilius with the Argive fleet in the cause of Menelaus and
      Agamemnon sons of Atreus, and there they both of them fell. As
      two lions whom their dam has reared in the depths of some
      mountain forest to plunder homesteads and carry off sheep and
      cattle till they get killed by the hand of man, so were these two
      vanquished by Aeneas, and fell like high pine-trees to the
      ground.",8c3449bb2b6522f93820f519976ada07a0dfa029c9e5597b455c7b7ac1a1cd48,4ec147676593e007e9cbe6dec965adfead4731454a92ba55330ed25334c963c5,a7ef38f74d3c43a294249f901921449f8c3366d0de0a846f5cd305ebd66f5854,machine_proposed_unreviewed,pending_human_review,no,excluded_until_human_review
homer-iliad-grc-monro-allen-perseus--homer-iliad-en-butler-pg2199--book-05--segment-044,homer-iliad,homer-iliad-grc-monro-allen-perseus,homer-iliad-en-butler-pg2199,5,44,source_line_range_to_translation_paragraph,proportional_translation_paragraph_tokens_v1,5.571,5.586,16,0,44,5386,5533,148,30989,31866,"Αἰνείας δʼ οὐ μεῖνε θοός περ ἐὼν πολεμιστὴς
ὡς εἶδεν δύο φῶτε παρʼ ἀλλήλοισι μένοντε.
οἳ δʼ ἐπεὶ οὖν νεκροὺς ἔρυσαν μετὰ λαὸν Ἀχαιῶν,
τὼ μὲν ἄρα δειλὼ βαλέτην ἐν χερσὶν ἑταίρων,
αὐτὼ δὲ στρεφθέντε μετὰ πρώτοισι μαχέσθην.
ἔνθα Πυλαιμένεα ἑλέτην ἀτάλαντον Ἄρηϊ
ἀρχὸν Παφλαγόνων μεγαθύμων ἀσπιστάων.
τὸν μὲν ἄρʼ Ἀτρεΐδης δουρικλειτὸς Μενέλαος
ἑσταότʼ ἔγχεϊ νύξε κατὰ κληῗδα τυχήσας·
Ἀντίλοχος δὲ Μύδωνα βάλʼ ἡνίοχον θεράποντα
ἐσθλὸν Ἀτυμνιάδην· ὃ δʼ ὑπέστρεφε μώνυχας ἵππους·
χερμαδίῳ ἀγκῶνα τυχὼν μέσον· ἐκ δʼ ἄρα χειρῶν
ἡνία λεύκʼ ἐλέφαντι χαμαὶ πέσον ἐν κονίῃσιν.
Ἀντίλοχος δʼ ἄρʼ ἐπαΐξας ξίφει ἤλασε κόρσην·
αὐτὰρ ὅ γʼ ἀσθμαίνων εὐεργέος ἔκπεσε δίφρου
κύμβαχος ἐν κονίῃσιν ἐπὶ βρεχμόν τε καὶ ὤμους.","Brave Menelaus pitied them in their fall, and made his way to the
      front, clad in gleaming bronze and brandishing his spear, for
      Mars egged him on to do so with intent that he should be killed
      by Aeneas; but Antilochus the son of Nestor saw him and sprang
      forward, fearing that the king might come to harm and thus bring
      all their labour to nothing; when, therefore Aeneas and Menelaus
      were setting their hands and spears against one another eager to
      do battle, Antilochus placed himself by the side of Menelaus.
      Aeneas, bold though he was, drew back on seeing the two heroes
      side by side in front of him, so they drew the bodies of Crethon
      and Orsilochus to the ranks of the Achaeans and committed the two
      poor fellows into the hands of their comrades. They then turned
      back and fought in the front ranks.",8c3449bb2b6522f93820f519976ada07a0dfa029c9e5597b455c7b7ac1a1cd48,4ec147676593e007e9cbe6dec965adfead4731454a92ba55330ed25334c963c5,a7ef38f74d3c43a294249f901921449f8c3366d0de0a846f5cd305ebd66f5854,machine_proposed_unreviewed,pending_human_review,no,excluded_until_human_review
homer-iliad-grc-monro-allen-perseus--homer-iliad-en-butler-pg2199--book-05--segment-045,homer-iliad,homer-iliad-grc-monro-allen-perseus,homer-iliad-en-butler-pg2199,5,45,source_line_range_to_translation_paragraph,proportional_translation_paragraph_tokens_v1,5.587,5.600,14,0,45,5534,5673,140,31874,32697,"δηθὰ μάλʼ ἑστήκει· τύχε γάρ ῥʼ ἀμάθοιο βαθείης·
ὄφρʼ ἵππω πλήξαντε χαμαὶ βάλον ἐν κονίῃσι·
τοὺς ἵμασʼ Ἀντίλοχος, μετὰ δὲ στρατὸν ἤλασʼ Ἀχαιῶν.
τοὺς δʼ Ἕκτωρ ἐνόησε κατὰ στίχας, ὦρτο δʼ ἐπʼ αὐτοὺς
κεκλήγων· ἅμα δὲ Τρώων εἵποντο φάλαγγες
καρτεραί· ἦρχε δʼ ἄρα σφιν Ἄρης καὶ πότνιʼ Ἐνυώ,
ἣ μὲν ἔχουσα Κυδοιμὸν ἀναιδέα δηϊοτῆτος,
Ἄρης δʼ ἐν παλάμῃσι πελώριον ἔγχος ἐνώμα,
φοίτα δʼ ἄλλοτε μὲν πρόσθʼ Ἕκτορος, ἄλλοτʼ ὄπισθε.
τὸν δὲ ἰδὼν ῥίγησε βοὴν ἀγαθὸς Διομήδης·
ὡς δʼ ὅτʼ ἀνὴρ ἀπάλαμνος ἰὼν πολέος πεδίοιο
στήῃ ἐπʼ ὠκυρόῳ ποταμῷ ἅλα δὲ προρέοντι
ἀφρῷ μορμύροντα ἰδών, ἀνά τʼ ἔδραμʼ ὀπίσσω,
ὣς τότε Τυδεΐδης ἀνεχάζετο, εἶπέ τε λαῷ·","They killed Pylaemenes peer of Mars, leader of the Paphlagonian
      warriors. Menelaus struck him on the collar-bone as he was
      standing on his chariot, while Antilochus hit his charioteer and
      squire Mydon, the son of Atymnius, who was turning his horses in
      flight. He hit him with a stone upon the elbow, and the reins,
      enriched with white ivory, fell from his hands into the dust.
      Antilochus rushed towards him and struck him on the temples with
      his sword, whereon he fell head first from the chariot to the
      ground. There he stood for a while with his head and shoulders
      buried deep in the dust—for he had fallen on sandy soil till his
      horses kicked him and laid him flat on the ground, as Antilochus
      lashed them and drove them off to the host of the Achaeans.",8c3449bb2b6522f93820f519976ada07a0dfa029c9e5597b455c7b7ac1a1cd48,4ec147676593e007e9cbe6dec965adfead4731454a92ba55330ed25334c963c5,a7ef38f74d3c43a294249f901921449f8c3366d0de0a846f5cd305ebd66f5854,machine_proposed_unreviewed,pending_human_review,no,excluded_until_human_review
homer-iliad-grc-monro-allen-perseus--homer-iliad-en-butler-pg2199--book-05--segment-046,homer-iliad,homer-iliad-grc-monro-allen-perseus,homer-iliad-en-butler-pg2199,5,46,source_line_range_to_translation_paragraph,proportional_translation_paragraph_tokens_v1,5.601,5.606,6,0,46,5674,5729,56,32705,33040,"ὦ φίλοι οἷον δὴ θαυμάζομεν Ἕκτορα δῖον
αἰχμητήν τʼ ἔμεναι καὶ θαρσαλέον πολεμιστήν·
τῷ δʼ αἰεὶ πάρα εἷς γε θεῶν, ὃς λοιγὸν ἀμύνει·
καὶ νῦν οἱ πάρα κεῖνος Ἄρης βροτῷ ἀνδρὶ ἐοικώς.
ἀλλὰ πρὸς Τρῶας τετραμμένοι αἰὲν ὀπίσσω
εἴκετε, μηδὲ θεοῖς μενεαινέμεν ἶφι μάχεσθαι.","But Hector marked them from across the ranks, and with a loud cry
      rushed towards them, followed by the strong battalions of the
      Trojans. Mars and dread Enyo led them on, she fraught with
      ruthless turmoil of battle, while Mars wielded a monstrous spear,
      and went about, now in front of Hector and now behind him.",8c3449bb2b6522f93820f519976ada07a0dfa029c9e5597b455c7b7ac1a1cd48,4ec147676593e007e9cbe6dec965adfead4731454a92ba55330ed25334c963c5,a7ef38f74d3c43a294249f901921449f8c3366d0de0a846f5cd305ebd66f5854,machine_proposed_unreviewed,pending_human_review,no,excluded_until_human_review
homer-iliad-grc-monro-allen-perseus--homer-iliad-en-butler-pg2199--book-05--segment-047,homer-iliad,homer-iliad-grc-monro-allen-perseus,homer-iliad-en-butler-pg2199,5,47,source_line_range_to_translation_paragraph,proportional_translation_paragraph_tokens_v1,5.607,5.618,12,0,47,5730,5839,110,33048,33653,"ὣς ἄρʼ ἔφη, Τρῶες δὲ μάλα σχεδὸν ἤλυθον αὐτῶν.
ἔνθʼ Ἕκτωρ δύο φῶτε κατέκτανεν εἰδότε χάρμης
εἰν ἑνὶ δίφρῳ ἐόντε, Μενέσθην Ἀγχίαλόν τε.
τὼ δὲ πεσόντʼ ἐλέησε μέγας Τελαμώνιος Αἴας·
στῆ δὲ μάλʼ ἐγγὺς ἰών, καὶ ἀκόντισε δουρὶ φαεινῷ,
καὶ βάλεν Ἄμφιον Σελάγου υἱόν, ὅς ῥʼ ἐνὶ Παισῷ
ναῖε πολυκτήμων πολυλήϊος· ἀλλά ἑ μοῖρα
ἦγʼ ἐπικουρήσοντα μετὰ Πρίαμόν τε καὶ υἷας.
τόν ῥα κατὰ ζωστῆρα βάλεν Τελαμώνιος Αἴας,
νειαίρῃ δʼ ἐν γαστρὶ πάγη δολιχόσκιον ἔγχος,
δούπησεν δὲ πεσών· ὃ δʼ ἐπέδραμε φαίδιμος Αἴας
τεύχεα συλήσων· Τρῶες δʼ ἐπὶ δούρατʼ ἔχευαν","Diomed shook with passion as he saw them. As a man crossing a
      wide plain is dismayed to find himself on the brink of some great
      river rolling swiftly to the sea—he sees its boiling waters and
      starts back in fear—even so did the son of Tydeus give ground.
      Then he said to his men, “My friends, how can we wonder that
      Hector wields the spear so well? Some god is ever by his side to
      protect him, and now Mars is with him in the likeness of mortal
      man. Keep your faces therefore towards the Trojans, but give
      ground backwards, for we dare not fight with gods.”",8c3449bb2b6522f93820f519976ada07a0dfa029c9e5597b455c7b7ac1a1cd48,4ec147676593e007e9cbe6dec965adfead4731454a92ba55330ed25334c963c5,a7ef38f74d3c43a294249f901921449f8c3366d0de0a846f5cd305ebd66f5854,machine_proposed_unreviewed,pending_human_review,no,excluded_until_human_review
homer-iliad-grc-monro-allen-perseus--homer-iliad-en-butler-pg2199--book-05--segment-048,homer-iliad,homer-iliad-grc-monro-allen-perseus,homer-iliad-en-butler-pg2199,5,48,source_line_range_to_translation_paragraph,proportional_translation_paragraph_tokens_v1,5.619,5.638,20,0,48,5840,6032,193,33661,34757,"ὀξέα παμφανόωντα· σάκος δʼ ἀνεδέξατο πολλά.
αὐτὰρ ὃ λὰξ προσβὰς ἐκ νεκροῦ χάλκεον ἔγχος
ἐσπάσατʼ· οὐδʼ ἄρʼ ἔτʼ ἄλλα δυνήσατο τεύχεα καλὰ
ὤμοιιν ἀφελέσθαι· ἐπείγετο γὰρ βελέεσσι.
δεῖσε δʼ ὅ γʼ ἀμφίβασιν κρατερὴν Τρώων ἀγερώχων,
οἳ πολλοί τε καὶ ἐσθλοὶ ἐφέστασαν ἔγχεʼ ἔχοντες,
οἵ ἑ μέγαν περ ἐόντα καὶ ἴφθιμον καὶ ἀγαυὸν
ὦσαν ἀπὸ σφείων· ὃ δὲ χασσάμενος πελεμίχθη.
ὣς οἳ μὲν πονέοντο κατὰ κρατερὴν ὑσμίνην·
Τληπόλεμον δʼ Ἡρακλεΐδην ἠΰν τε μέγαν τε
ὦρσεν ἐπʼ ἀντιθέῳ Σαρπηδόνι μοῖρα κραταιή.
οἳ δʼ ὅτε δὴ σχεδὸν ἦσαν ἐπʼ ἀλλήλοισιν ἰόντες
υἱός θʼ υἱωνός τε Διὸς νεφεληγερέταο,
τὸν καὶ Τληπόλεμος πρότερος πρὸς μῦθον ἔειπε·
Σαρπῆδον Λυκίων βουληφόρε, τίς τοι ἀνάγκη
πτώσσειν ἐνθάδʼ ἐόντι μάχης ἀδαήμονι φωτί;
ψευδόμενοι δέ σέ φασι Διὸς γόνον αἰγιόχοιο
εἶναι, ἐπεὶ πολλὸν κείνων ἐπιδεύεαι ἀνδρῶν
οἳ Διὸς ἐξεγένοντο ἐπὶ προτέρων ἀνθρώπων·
ἀλλʼ οἷόν τινά φασι βίην Ἡρακληείην","As he spoke the Trojans drew close up, and Hector killed two men,
      both in one chariot, Menesthes and Anchialus, heroes well versed
      in war. Ajax son of Telamon pitied them in their fall; he came
      close up and hurled his spear, hitting Amphius the son of
      Selagus, a man of great wealth who lived in Paesus and owned much
      corn-growing land, but his lot had led him to come to the aid of
      Priam and his sons. Ajax struck him in the belt; the spear
      pierced the lower part of his belly, and he fell heavily to the
      ground. Then Ajax ran towards him to strip him of his armour, but
      the Trojans rained spears upon him, many of which fell upon his
      shield. He planted his heel upon the body and drew out his spear,
      but the darts pressed so heavily upon him that he could not strip
      the goodly armour from his shoulders. The Trojan chieftains,
      moreover, many and valiant, came about him with their spears, so
      that he dared not stay; great, brave and valiant though he was,
      they drove him from them and he was beaten back.",8c3449bb2b6522f93820f519976ada07a0dfa029c9e5597b455c7b7ac1a1cd48,4ec147676593e007e9cbe6dec965adfead4731454a92ba55330ed25334c963c5,a7ef38f74d3c43a294249f901921449f8c3366d0de0a846f5cd305ebd66f5854,machine_proposed_unreviewed,pending_human_review,no,excluded_until_human_review
homer-iliad-grc-monro-allen-perseus--homer-iliad-en-butler-pg2199--book-05--segment-049,homer-iliad,homer-iliad-grc-monro-allen-perseus,homer-iliad-en-butler-pg2199,5,49,source_line_range_to_translation_paragraph,proportional_translation_paragraph_tokens_v1,5.639,5.657,19,0,49,6033,6207,175,34765,35778,"εἶναι, ἐμὸν πατέρα θρασυμέμνονα θυμολέοντα·
ὅς ποτε δεῦρʼ ἐλθὼν ἕνεχʼ ἵππων Λαομέδοντος
ἓξ οἴῃς σὺν νηυσὶ καὶ ἀνδράσι παυροτέροισιν
Ἰλίου ἐξαλάπαξε πόλιν, χήρωσε δʼ ἀγυιάς·
σοὶ δὲ κακὸς μὲν θυμός, ἀποφθινύθουσι δὲ λαοί.
οὐδέ τί σε Τρώεσσιν ὀΐομαι ἄλκαρ ἔσεσθαι
ἐλθόντʼ ἐκ Λυκίης, οὐδʼ εἰ μάλα καρτερός ἐσσι,
ἀλλʼ ὑπʼ ἐμοὶ δμηθέντα πύλας Ἀΐδαο περήσειν.
τὸν δʼ αὖ Σαρπηδὼν Λυκίων ἀγὸς ἀντίον ηὔδα·
Τληπόλεμʼ ἤτοι κεῖνος ἀπώλεσεν Ἴλιον ἱρὴν
ἀνέρος ἀφραδίῃσιν ἀγαυοῦ Λαομέδοντος,
ὅς ῥά μιν εὖ ἕρξαντα κακῷ ἠνίπαπε μύθῳ,
οὐδʼ ἀπέδωχʼ ἵππους, ὧν εἵνεκα τηλόθεν ἦλθε.
σοὶ δʼ ἐγὼ ἐνθάδε φημὶ φόνον καὶ κῆρα μέλαιναν
ἐξ ἐμέθεν τεύξεσθαι, ἐμῷ δʼ ὑπὸ δουρὶ δαμέντα
εὖχος ἐμοὶ δώσειν, ψυχὴν δʼ Ἄϊδι κλυτοπώλῳ.
ὣς φάτο Σαρπηδών, ὃ δʼ ἀνέσχετο μείλινον ἔγχος
Τληπόλεμος· καὶ τῶν μὲν ἁμαρτῇ δούρατα μακρὰ
ἐκ χειρῶν ἤϊξαν· ὃ μὲν βάλεν αὐχένα μέσσον","Thus, then, did the battle rage between them. Presently the
      strong hand of fate impelled Tlepolemus, the son of Hercules, a
      man both brave and of great stature, to fight Sarpedon; so the
      two, son and grandson of great Jove, drew near to one another,
      and Tlepolemus spoke first. “Sarpedon,” said he, “councillor of
      the Lycians, why should you come skulking here you who are a man
      of peace? They lie who call you son of aegis-bearing Jove, for
      you are little like those who were of old his children. Far other
      was Hercules, my own brave and lion-hearted father, who came here
      for the horses of Laomedon, and though he had six ships only, and
      few men to follow him, sacked the city of Ilius and made a
      wilderness of her highways. You are a coward, and your people are
      falling from you. For all your strength, and all your coming from
      Lycia, you will be no help to the Trojans but will pass the gates
      of Hades vanquished by my hand.”",8c3449bb2b6522f93820f519976ada07a0dfa029c9e5597b455c7b7ac1a1cd48,4ec147676593e007e9cbe6dec965adfead4731454a92ba55330ed25334c963c5,a7ef38f74d3c43a294249f901921449f8c3366d0de0a846f5cd305ebd66f5854,machine_proposed_unreviewed,pending_human_review,no,excluded_until_human_review
homer-iliad-grc-monro-allen-perseus--homer-iliad-en-butler-pg2199--book-05--segment-050,homer-iliad,homer-iliad-grc-monro-allen-perseus,homer-iliad-en-butler-pg2199,5,50,source_line_range_to_translation_paragraph,proportional_translation_paragraph_tokens_v1,5.658,5.664,7,0,50,6208,6275,68,35786,36191,"Σαρπηδών, αἰχμὴ δὲ διαμπερὲς ἦλθʼ ἀλεγεινή·
τὸν δὲ κατʼ ὀφθαλμῶν ἐρεβεννὴ νὺξ ἐκάλυψε.
Τληπόλεμος δʼ ἄρα μηρὸν ἀριστερὸν ἔγχεϊ μακρῷ
βεβλήκειν, αἰχμὴ δὲ διέσσυτο μαιμώωσα
ὀστέω ἐγχριμφθεῖσα, πατὴρ δʼ ἔτι λοιγὸν ἄμυνεν.
οἳ μὲν ἄρʼ ἀντίθεον Σαρπηδόνα δῖοι ἑταῖροι
ἐξέφερον πολέμοιο· βάρυνε δέ μιν δόρυ μακρὸν","And Sarpedon, captain of the Lycians, answered, “Tlepolemus, your
      father overthrew Ilius by reason of Laomedon’s folly in refusing
      payment to one who had served him well. He would not give your
      father the horses which he had come so far to fetch. As for
      yourself, you shall meet death by my spear. You shall yield glory
      to myself, and your soul to Hades of the noble steeds.”",8c3449bb2b6522f93820f519976ada07a0dfa029c9e5597b455c7b7ac1a1cd48,4ec147676593e007e9cbe6dec965adfead4731454a92ba55330ed25334c963c5,a7ef38f74d3c43a294249f901921449f8c3366d0de0a846f5cd305ebd66f5854,machine_proposed_unreviewed,pending_human_review,no,excluded_until_human_review
homer-iliad-grc-monro-allen-perseus--homer-iliad-en-butler-pg2199--book-05--segment-051,homer-iliad,homer-iliad-grc-monro-allen-perseus,homer-iliad-en-butler-pg2199,5,51,source_line_range_to_translation_paragraph,proportional_translation_paragraph_tokens_v1,5.665,5.671,7,0,51,6276,6345,70,36199,36630,"ἑλκόμενον· τὸ μὲν οὔ τις ἐπεφράσατʼ οὐδὲ νόησε
μηροῦ ἐξερύσαι δόρυ μείλινον ὄφρʼ ἐπιβαίη
σπευδόντων· τοῖον γὰρ ἔχον πόνον ἀμφιέποντες.
Τληπόλεμον δʼ ἑτέρωθεν ἐϋκνήμιδες Ἀχαιοὶ
ἐξέφερον πολέμοιο· νόησε δὲ δῖος Ὀδυσσεὺς
τλήμονα θυμὸν ἔχων, μαίμησε δέ οἱ φίλον ἦτορ·
μερμήριξε δʼ ἔπειτα κατὰ φρένα καὶ κατὰ θυμὸν","Thus spoke Sarpedon, and Tlepolemus upraised his spear. They
      threw at the same moment, and Sarpedon struck his foe in the
      middle of his throat; the spear went right through, and the
      darkness of death fell upon his eyes. Tlepolemus’s spear struck
      Sarpedon on the left thigh with such force that it tore through
      the flesh and grazed the bone, but his father as yet warded off
      destruction from him.",8c3449bb2b6522f93820f519976ada07a0dfa029c9e5597b455c7b7ac1a1cd48,4ec147676593e007e9cbe6dec965adfead4731454a92ba55330ed25334c963c5,a7ef38f74d3c43a294249f901921449f8c3366d0de0a846f5cd305ebd66f5854,machine_proposed_unreviewed,pending_human_review,no,excluded_until_human_review
homer-iliad-grc-monro-allen-perseus--homer-iliad-en-butler-pg2199--book-05--segment-052,homer-iliad,homer-iliad-grc-monro-allen-perseus,homer-iliad-en-butler-pg2199,5,52,source_line_range_to_translation_paragraph,proportional_translation_paragraph_tokens_v1,5.672,5.695,24,0,52,6346,6563,218,36638,37886,"ἢ προτέρω Διὸς υἱὸν ἐριγδούποιο διώκοι,
ἦ ὅ γε τῶν πλεόνων Λυκίων ἀπὸ θυμὸν ἕλοιτο.
οὐδʼ ἄρʼ Ὀδυσσῆϊ μεγαλήτορι μόρσιμον ἦεν
ἴφθιμον Διὸς υἱὸν ἀποκτάμεν ὀξέϊ χαλκῷ·
τώ ῥα κατὰ πληθὺν Λυκίων τράπε θυμὸν Ἀθήνη.
ἔνθʼ ὅ γε Κοίρανον εἷλεν Ἀλάστορά τε Χρομίον τε
Ἄλκανδρόν θʼ Ἅλιόν τε Νοήμονά τε Πρύτανίν τε.
καί νύ κʼ ἔτι πλέονας Λυκίων κτάνε δῖος Ὀδυσσεὺς
εἰ μὴ ἄρʼ ὀξὺ νόησε μέγας κορυθαίολος Ἕκτωρ·
βῆ δὲ διὰ προμάχων κεκορυθμένος αἴθοπι χαλκῷ
δεῖμα φέρων Δαναοῖσι· χάρη δʼ ἄρα οἱ προσιόντι
Σαρπηδὼν Διὸς υἱός, ἔπος δʼ ὀλοφυδνὸν ἔειπε·
Πριαμίδη, μὴ δή με ἕλωρ Δαναοῖσιν ἐάσῃς
κεῖσθαι, ἀλλʼ ἐπάμυνον· ἔπειτά με καὶ λίποι αἰὼν
ἐν πόλει ὑμετέρῃ, ἐπεὶ οὐκ ἄρʼ ἔμελλον ἔγωγε
νοστήσας οἶκον δὲ φίλην ἐς πατρίδα γαῖαν
εὐφρανέειν ἄλοχόν τε φίλην καὶ νήπιον υἱόν.
ὣς φάτο, τὸν δʼ οὔ τι προσέφη κορυθαίολος Ἕκτωρ,
ἀλλὰ παρήϊξεν λελιημένος ὄφρα τάχιστα
ὤσαιτʼ Ἀργείους, πολέων δʼ ἀπὸ θυμὸν ἕλοιτο.
οἳ μὲν ἄρʼ ἀντίθεον Σαρπηδόνα δῖοι ἑταῖροι
εἷσαν ὑπʼ αἰγιόχοιο Διὸς περικαλλέϊ φηγῷ·
ἐκ δʼ ἄρα οἱ μηροῦ δόρυ μείλινον ὦσε θύραζε
ἴφθιμος Πελάγων, ὅς οἱ φίλος ἦεν ἑταῖρος.","His comrades bore Sarpedon out of the fight, in great pain by the
      weight of the spear that was dragging from his wound. They were
      in such haste and stress as they bore him that no one thought of
      drawing the spear from his thigh so as to let him walk uprightly.
      Meanwhile the Achaeans carried off the body of Tlepolemus,
      whereon Ulysses was moved to pity, and panted for the fray as he
      beheld them. He doubted whether to pursue the son of Jove, or to
      make slaughter of the Lycian rank and file; it was not decreed,
      however, that he should slay the son of Jove; Minerva, therefore,
      turned him against the main body of the Lycians. He killed
      Coeranus, Alastor, Chromius, Alcandrus, Halius, Noemon, and
      Prytanis, and would have slain yet more, had not great Hector
      marked him, and sped to the front of the fight clad in his suit
      of mail, filling the Danaans with terror. Sarpedon was glad when
      he saw him coming, and besought him, saying, “Son of Priam, let
      me not be here to fall into the hands of the Danaans. Help me,
      and since I may not return home to gladden the hearts of my wife
      and of my infant son, let me die within the walls of your city.”",8c3449bb2b6522f93820f519976ada07a0dfa029c9e5597b455c7b7ac1a1cd48,4ec147676593e007e9cbe6dec965adfead4731454a92ba55330ed25334c963c5,a7ef38f74d3c43a294249f901921449f8c3366d0de0a846f5cd305ebd66f5854,machine_proposed_unreviewed,pending_human_review,no,excluded_until_human_review
homer-iliad-grc-monro-allen-perseus--homer-iliad-en-butler-pg2199--book-05--segment-053,homer-iliad,homer-iliad-grc-monro-allen-perseus,homer-iliad-en-butler-pg2199,5,53,source_line_range_to_translation_paragraph,proportional_translation_paragraph_tokens_v1,5.696,5.704,9,0,53,6564,6654,91,37894,38417,"τὸν δʼ ἔλιπε ψυχή, κατὰ δʼ ὀφθαλμῶν κέχυτʼ ἀχλύς·
αὖτις δʼ ἐμπνύνθη, περὶ δὲ πνοιὴ Βορέαο
ζώγρει ἐπιπνείουσα κακῶς κεκαφηότα θυμόν.
Ἀργεῖοι δʼ ὑπʼ Ἄρηϊ καὶ Ἕκτορι χαλκοκορυστῇ
οὔτε ποτὲ προτρέποντο μελαινάων ἐπὶ νηῶν
οὔτε ποτʼ ἀντεφέροντο μάχῃ, ἀλλʼ αἰὲν ὀπίσσω
χάζονθʼ, ὡς ἐπύθοντο μετὰ Τρώεσσιν Ἄρηα.
ἔνθα τίνα πρῶτον τίνα δʼ ὕστατον ἐξενάριξαν
Ἕκτωρ τε Πριάμοιο πάϊς καὶ χάλκεος Ἄρης;","Hector made him no answer, but rushed onward to fall at once upon
      the Achaeans and kill many among them. His comrades then bore
      Sarpedon away and laid him beneath Jove’s spreading oak tree.
      Pelagon, his friend and comrade, drew the spear out of his thigh,
      but Sarpedon fainted and a mist came over his eyes. Presently he
      came to himself again, for the breath of the north wind as it
      played upon him gave him new life, and brought him out of the
      deep swoon into which he had fallen.",8c3449bb2b6522f93820f519976ada07a0dfa029c9e5597b455c7b7ac1a1cd48,4ec147676593e007e9cbe6dec965adfead4731454a92ba55330ed25334c963c5,a7ef38f74d3c43a294249f901921449f8c3366d0de0a846f5cd305ebd66f5854,machine_proposed_unreviewed,pending_human_review,no,excluded_until_human_review
homer-iliad-grc-monro-allen-perseus--homer-iliad-en-butler-pg2199--book-05--segment-054,homer-iliad,homer-iliad-grc-monro-allen-perseus,homer-iliad-en-butler-pg2199,5,54,source_line_range_to_translation_paragraph,proportional_translation_paragraph_tokens_v1,5.705,5.715,11,0,54,6655,6757,103,38425,39079,"ἀντίθεον Τεύθραντʼ, ἐπὶ δὲ πλήξιππον Ὀρέστην,
Τρῆχόν τʼ αἰχμητὴν Αἰτώλιον Οἰνόμαόν τε,
Οἰνοπίδην θʼ Ἕλενον καὶ Ὀρέσβιον αἰολομίτρην,
ὅς ῥʼ ἐν Ὕλῃ ναίεσκε μέγα πλούτοιο μεμηλώς,
λίμνῃ κεκλιμένος Κηφισίδι· πὰρ δέ οἱ ἄλλοι
ναῖον Βοιωτοὶ μάλα πίονα δῆμον ἔχοντες.
τοὺς δʼ ὡς οὖν ἐνόησε θεὰ λευκώλενος Ἥρη
Ἀργείους ὀλέκοντας ἐνὶ κρατερῇ ὑσμίνῃ,
αὐτίκʼ Ἀθηναίην ἔπεα πτερόεντα προσηύδα·
ὢ πόποι αἰγιόχοιο Διὸς τέκος Ἀτρυτώνη,
ἦ ῥʼ ἅλιον τὸν μῦθον ὑπέστημεν Μενελάῳ","Meanwhile the Argives were neither driven towards their ships by
      Mars and Hector, nor yet did they attack them; when they knew
      that Mars was with the Trojans they retreated, but kept their
      faces still turned towards the foe. Who, then, was first and who
      last to be slain by Mars and Hector? They were valiant Teuthras,
      and Orestes the renowned charioteer, Trechus the Aetolian
      warrior, Oenomaus, Helenus the son of Oenops, and Oresbius of the
      gleaming girdle, who was possessed of great wealth, and dwelt by
      the Cephisian lake with the other Boeotians who lived near him,
      owners of a fertile country.",8c3449bb2b6522f93820f519976ada07a0dfa029c9e5597b455c7b7ac1a1cd48,4ec147676593e007e9cbe6dec965adfead4731454a92ba55330ed25334c963c5,a7ef38f74d3c43a294249f901921449f8c3366d0de0a846f5cd305ebd66f5854,machine_proposed_unreviewed,pending_human_review,no,excluded_until_human_review
homer-iliad-grc-monro-allen-perseus--homer-iliad-en-butler-pg2199--book-05--segment-055,homer-iliad,homer-iliad-grc-monro-allen-perseus,homer-iliad-en-butler-pg2199,5,55,source_line_range_to_translation_paragraph,proportional_translation_paragraph_tokens_v1,5.716,5.721,6,0,55,6758,6816,59,39087,39422,"Ἴλιον ἐκπέρσαντʼ εὐτείχεον ἀπονέεσθαι,
εἰ οὕτω μαίνεσθαι ἐάσομεν οὖλον Ἄρηα.
ἀλλʼ ἄγε δὴ καὶ νῶϊ μεδώμεθα θούριδος ἀλκῆς.
ὣς ἔφατʼ, οὐδʼ ἀπίθησε θεὰ γλαυκῶπις Ἀθήνη.
ἣ μὲν ἐποιχομένη χρυσάμπυκας ἔντυεν ἵππους
Ἥρη πρέσβα θεὰ θυγάτηρ μεγάλοιο Κρόνοιο·","Now when the goddess Juno saw the Argives thus falling, she said
      to Minerva, “Alas, daughter of aegis-bearing Jove, unweariable,
      the promise we made Menelaus that he should not return till he
      had sacked the city of Ilius will be of no effect if we let Mars
      rage thus furiously. Let us go into the fray at once.”",8c3449bb2b6522f93820f519976ada07a0dfa029c9e5597b455c7b7ac1a1cd48,4ec147676593e007e9cbe6dec965adfead4731454a92ba55330ed25334c963c5,a7ef38f74d3c43a294249f901921449f8c3366d0de0a846f5cd305ebd66f5854,machine_proposed_unreviewed,pending_human_review,no,excluded_until_human_review
homer-iliad-grc-monro-allen-perseus--homer-iliad-en-butler-pg2199--book-05--segment-056,homer-iliad,homer-iliad-grc-monro-allen-perseus,homer-iliad-en-butler-pg2199,5,56,source_line_range_to_translation_paragraph,proportional_translation_paragraph_tokens_v1,5.722,5.737,16,0,56,6817,6969,153,39430,40298,"Ἥβη δʼ ἀμφʼ ὀχέεσσι θοῶς βάλε καμπύλα κύκλα
χάλκεα ὀκτάκνημα σιδηρέῳ ἄξονι ἀμφίς.
τῶν ἤτοι χρυσέη ἴτυς ἄφθιτος, αὐτὰρ ὕπερθε
χάλκεʼ ἐπίσσωτρα προσαρηρότα, θαῦμα ἰδέσθαι·
πλῆμναι δʼ ἀργύρου εἰσὶ περίδρομοι ἀμφοτέρωθεν·
δίφρος δὲ χρυσέοισι καὶ ἀργυρέοισιν ἱμᾶσιν
ἐντέταται, δοιαὶ δὲ περίδρομοι ἄντυγές εἰσι.
τοῦ δʼ ἐξ ἀργύρεος ῥυμὸς πέλεν· αὐτὰρ ἐπʼ ἄκρῳ
δῆσε χρύσειον καλὸν ζυγόν, ἐν δὲ λέπαδνα
κάλʼ ἔβαλε χρύσειʼ· ὑπὸ δὲ ζυγὸν ἤγαγεν Ἥρη
ἵππους ὠκύποδας, μεμαυῖʼ ἔριδος καὶ ἀϋτῆς.
αὐτὰρ Ἀθηναίη κούρη Διὸς αἰγιόχοιο
πέπλον μὲν κατέχευεν ἑανὸν πατρὸς ἐπʼ οὔδει
ποικίλον, ὅν ῥʼ αὐτὴ ποιήσατο καὶ κάμε χερσίν·
ἣ δὲ χιτῶνʼ ἐνδῦσα Διὸς νεφεληγερέταο
τεύχεσιν ἐς πόλεμον θωρήσσετο δακρυόεντα.","Minerva did not gainsay her. Thereon the august goddess, daughter
      of great Saturn, began to harness her gold-bedizened steeds. Hebe
      with all speed fitted on the eight-spoked wheels of bronze that
      were on either side of the iron axle-tree. The felloes of the
      wheels were of gold, imperishable, and over these there was a
      tire of bronze, wondrous to behold. The naves of the wheels were
      silver, turning round the axle upon either side. The car itself
      was made with plaited bands of gold and silver, and it had a
      double top-rail running all round it. From the body of the car
      there went a pole of silver, on to the end of which she bound the
      golden yoke, with the bands of gold that were to go under the
      necks of the horses. Then Juno put her steeds under the yoke,
      eager for battle and the war-cry.",8c3449bb2b6522f93820f519976ada07a0dfa029c9e5597b455c7b7ac1a1cd48,4ec147676593e007e9cbe6dec965adfead4731454a92ba55330ed25334c963c5,a7ef38f74d3c43a294249f901921449f8c3366d0de0a846f5cd305ebd66f5854,machine_proposed_unreviewed,pending_human_review,no,excluded_until_human_review
homer-iliad-grc-monro-allen-perseus--homer-iliad-en-butler-pg2199--book-05--segment-057,homer-iliad,homer-iliad-grc-monro-allen-perseus,homer-iliad-en-butler-pg2199,5,57,source_line_range_to_translation_paragraph,proportional_translation_paragraph_tokens_v1,5.738,5.769,32,0,57,6970,7268,299,40306,42089,"ἀμφὶ δʼ ἄρʼ ὤμοισιν βάλετʼ αἰγίδα θυσσανόεσσαν
δεινήν, ἣν περὶ μὲν πάντῃ Φόβος ἐστεφάνωται,
ἐν δʼ Ἔρις, ἐν δʼ Ἀλκή, ἐν δὲ κρυόεσσα Ἰωκή,
ἐν δέ τε Γοργείη κεφαλὴ δεινοῖο πελώρου
δεινή τε σμερδνή τε, Διὸς τέρας αἰγιόχοιο.
κρατὶ δʼ ἐπʼ ἀμφίφαλον κυνέην θέτο τετραφάληρον
χρυσείην, ἑκατὸν πολίων πρυλέεσσʼ ἀραρυῖαν·
ἐς δʼ ὄχεα φλόγεα ποσὶ βήσετο, λάζετο δʼ ἔγχος
βριθὺ μέγα στιβαρόν, τῷ δάμνησι στίχας ἀνδρῶν
ἡρώων, οἷσίν τε κοτέσσεται ὀβριμοπάτρη.
Ἥρη δὲ μάστιγι θοῶς ἐπεμαίετʼ ἄρʼ ἵππους·
αὐτόμαται δὲ πύλαι μύκον οὐρανοῦ ἃς ἔχον Ὧραι,
τῇς ἐπιτέτραπται μέγας οὐρανὸς Οὔλυμπός τε
ἠμὲν ἀνακλῖναι πυκινὸν νέφος ἠδʼ ἐπιθεῖναι.
τῇ ῥα διʼ αὐτάων κεντρηνεκέας ἔχον ἵππους·
εὗρον δὲ Κρονίωνα θεῶν ἄτερ ἥμενον ἄλλων
ἀκροτάτῃ κορυφῇ πολυδειράδος Οὐλύμποιο.
ἔνθʼ ἵππους στήσασα θεὰ λευκώλενος Ἥρη
Ζῆνʼ ὕπατον Κρονίδην ἐξείρετο καὶ προσέειπε·
Ζεῦ πάτερ οὐ νεμεσίζῃ Ἄρῃ τάδε καρτερὰ ἔργα
ὁσσάτιόν τε καὶ οἷον ἀπώλεσε λαὸν Ἀχαιῶν
μὰψ ἀτὰρ οὐ κατὰ κόσμον ἐμοὶ δʼ ἄχος, οἳ δὲ ἕκηλοι
τέρπονται Κύπρίς τε καὶ ἀργυρότοξος Ἀπόλλων
ἄφρονα τοῦτον ἀνέντες, ὃς οὔ τινα οἶδε θέμιστα;
Ζεῦ πάτερ ἦ ῥά τί μοι κεχολώσεαι, αἴ κεν Ἄρηα
λυγρῶς πεπληγυῖα μάχης ἐξαποδίωμαι;
τὴν δʼ ἀπαμειβόμενος προσέφη νεφεληγερέτα Ζεύς·
ἄγρει μάν οἱ ἔπορσον Ἀθηναίην ἀγελείην,
ἥ ἑ μάλιστʼ εἴωθε κακῇς ὀδύνῃσι πελάζειν.
ὣς ἔφατʼ, οὐδʼ ἀπίθησε θεὰ λευκώλενος Ἥρη,
μάστιξεν δʼ ἵππους· τὼ δʼ οὐκ ἀέκοντε πετέσθην
μεσσηγὺς γαίης τε καὶ οὐρανοῦ ἀστερόεντος.","Meanwhile Minerva flung her richly embroidered vesture, made with
      her own hands, on to her father’s threshold, and donned the shirt
      of Jove, arming herself for battle. She threw her tasselled aegis
      about her shoulders, wreathed round with Rout as with a fringe,
      and on it were Strife, and Strength, and Panic whose blood runs
      cold; moreover there was the head of the dread monster Gorgon,
      grim and awful to behold, portent of aegis-bearing Jove. On her
      head she set her helmet of gold, with four plumes, and coming to
      a peak both in front and behind—decked with the emblems of a
      hundred cities; then she stepped into her flaming chariot and
      grasped the spear, so stout and sturdy and strong, with which she
      quells the ranks of heroes who have displeased her. Juno lashed
      the horses on, and the gates of heaven bellowed as they flew open
      of their own accord—gates over which the Hours preside, in whose
      hands are Heaven and Olympus, either to open the dense cloud that
      hides them, or to close it. Through these the goddesses drove
      their obedient steeds, and found the son of Saturn sitting all
      alone on the topmost ridges of Olympus. There Juno stayed her
      horses, and spoke to Jove the son of Saturn, lord of all. “Father
      Jove,” said she, “are you not angry with Mars for these high
      doings? how great and goodly a host of the Achaeans he has
      destroyed to my great grief, and without either right or reason,
      while the Cyprian and Apollo are enjoying it all at their ease
      and setting this unrighteous madman on to do further mischief. I
      hope, Father Jove, that you will not be angry if I hit Mars hard,
      and chase him out of the battle.”",8c3449bb2b6522f93820f519976ada07a0dfa029c9e5597b455c7b7ac1a1cd48,4ec147676593e007e9cbe6dec965adfead4731454a92ba55330ed25334c963c5,a7ef38f74d3c43a294249f901921449f8c3366d0de0a846f5cd305ebd66f5854,machine_proposed_unreviewed,pending_human_review,no,excluded_until_human_review
homer-iliad-grc-monro-allen-perseus--homer-iliad-en-butler-pg2199--book-05--segment-058,homer-iliad,homer-iliad-grc-monro-allen-perseus,homer-iliad-en-butler-pg2199,5,58,source_line_range_to_translation_paragraph,proportional_translation_paragraph_tokens_v1,5.770,5.771,2,0,58,7269,7287,19,42097,42202,"ὅσσον δʼ ἠεροειδὲς ἀνὴρ ἴδεν ὀφθαλμοῖσιν
ἥμενος ἐν σκοπιῇ, λεύσσων ἐπὶ οἴνοπα πόντον,","And Jove answered, “Set Minerva on to him, for she punishes him
      more often than any one else does.”",8c3449bb2b6522f93820f519976ada07a0dfa029c9e5597b455c7b7ac1a1cd48,4ec147676593e007e9cbe6dec965adfead4731454a92ba55330ed25334c963c5,a7ef38f74d3c43a294249f901921449f8c3366d0de0a846f5cd305ebd66f5854,machine_proposed_unreviewed,pending_human_review,no,excluded_until_human_review
homer-iliad-grc-monro-allen-perseus--homer-iliad-en-butler-pg2199--book-05--segment-059,homer-iliad,homer-iliad-grc-monro-allen-perseus,homer-iliad-en-butler-pg2199,5,59,source_line_range_to_translation_paragraph,proportional_translation_paragraph_tokens_v1,5.772,5.794,23,0,59,7288,7502,215,42210,43485,"τόσσον ἐπιθρῴσκουσι θεῶν ὑψηχέες ἵπποι.
ἀλλʼ ὅτε δὴ Τροίην ἷξον ποταμώ τε ῥέοντε,
ἧχι ῥοὰς Σιμόεις συμβάλλετον ἠδὲ Σκάμανδρος,
ἔνθʼ ἵππους ἔστησε θεὰ λευκώλενος Ἥρη
λύσασʼ ἐξ ὀχέων, περὶ δʼ ἠέρα πουλὺν ἔχευε·
τοῖσιν δʼ ἀμβροσίην Σιμόεις ἀνέτειλε νέμεσθαι.
αἳ δὲ βάτην τρήρωσι πελειάσιν ἴθμαθʼ ὁμοῖαι
ἀνδράσιν Ἀργείοισιν ἀλεξέμεναι μεμαυῖαι·
ἀλλʼ ὅτε δή ῥʼ ἵκανον ὅθι πλεῖστοι καὶ ἄριστοι
ἕστασαν ἀμφὶ βίην Διομήδεος ἱπποδάμοιο
εἰλόμενοι λείουσιν ἐοικότες ὠμοφάγοισιν
ἢ συσὶ κάπροισιν, τῶν τε σθένος οὐκ ἀλαπαδνόν,
ἔνθα στᾶσʼ ἤϋσε θεὰ λευκώλενος Ἥρη
Στέντορι εἰσαμένη μεγαλήτορι χαλκεοφώνῳ,
ὃς τόσον αὐδήσασχʼ ὅσον ἄλλοι πεντήκοντα·
αἰδὼς Ἀργεῖοι κάκʼ ἐλέγχεα εἶδος ἀγητοί·
ὄφρα μὲν ἐς πόλεμον πωλέσκετο δῖος Ἀχιλλεύς,
οὐδέ ποτε Τρῶες πρὸ πυλάων Δαρδανιάων
οἴχνεσκον· κείνου γὰρ ἐδείδισαν ὄβριμον ἔγχος·
νῦν δὲ ἑκὰς πόλιος κοίλῃς ἐπὶ νηυσὶ μάχονται.
ὣς εἰποῦσʼ ὄτρυνε μένος καὶ θυμὸν ἑκάστου.
Τυδεΐδῃ δʼ ἐπόρουσε θεὰ γλαυκῶπις Ἀθήνη·
εὗρε δὲ τόν γε ἄνακτα παρʼ ἵπποισιν καὶ ὄχεσφιν","Juno did as he had said. She lashed her horses, and they flew
      forward nothing loth midway betwixt earth and sky. As far as a
      man can see when he looks out upon the sea from some high beacon,
      so far can the loud-neighing horses of the gods spring at a
      single bound. When they reached Troy and the place where its two
      flowing streams Simois and Scamander meet, there Juno stayed them
      and took them from the chariot. She hid them in a thick cloud,
      and Simois made ambrosia spring up for them to eat; the two
      goddesses then went on, flying like turtledoves in their
      eagerness to help the Argives. When they came to the part where
      the bravest and most in number were gathered about mighty Diomed,
      fighting like lions or wild boars of great strength and
      endurance, there Juno stood still and raised a shout like that of
      brazen-voiced Stentor, whose cry was as loud as that of fifty men
      together. “Argives,” she cried; “shame on cowardly creatures,
      brave in semblance only; as long as Achilles was fighting, if his
      spear was so deadly that the Trojans dared not show themselves
      outside the Dardanian gates, but now they sally far from the city
      and fight even at your ships.”",8c3449bb2b6522f93820f519976ada07a0dfa029c9e5597b455c7b7ac1a1cd48,4ec147676593e007e9cbe6dec965adfead4731454a92ba55330ed25334c963c5,a7ef38f74d3c43a294249f901921449f8c3366d0de0a846f5cd305ebd66f5854,machine_proposed_unreviewed,pending_human_review,no,excluded_until_human_review
homer-iliad-grc-monro-allen-perseus--homer-iliad-en-butler-pg2199--book-05--segment-060,homer-iliad,homer-iliad-grc-monro-allen-perseus,homer-iliad-en-butler-pg2199,5,60,source_line_range_to_translation_paragraph,proportional_translation_paragraph_tokens_v1,5.795,5.818,24,0,60,7503,7733,231,43493,44729,"ἕλκος ἀναψύχοντα τό μιν βάλε Πάνδαρος ἰῷ.
ἱδρὼς γάρ μιν ἔτειρεν ὑπὸ πλατέος τελαμῶνος
ἀσπίδος εὐκύκλου· τῷ τείρετο, κάμνε δὲ χεῖρα,
ἂν δʼ ἴσχων τελαμῶνα κελαινεφὲς αἷμʼ ἀπομόργνυ.
ἱππείου δὲ θεὰ ζυγοῦ ἥψατο φώνησέν τε·
ἦ ὀλίγον οἷ παῖδα ἐοικότα γείνατο Τυδεύς.
Τυδεύς τοι μικρὸς μὲν ἔην δέμας, ἀλλὰ μαχητής·
καί ῥʼ ὅτε πέρ μιν ἐγὼ πολεμίζειν οὐκ εἴασκον
οὐδʼ ἐκπαιφάσσειν, ὅτε τʼ ἤλυθε νόσφιν Ἀχαιῶν
ἄγγελος ἐς Θήβας πολέας μετὰ Καδμείωνας·
δαίνυσθαί μιν ἄνωγον ἐνὶ μεγάροισιν ἕκηλον·
αὐτὰρ ὃ θυμὸν ἔχων ὃν καρτερὸν ὡς τὸ πάρος περ
κούρους Καδμείων προκαλίζετο, πάντα δʼ ἐνίκα
ῥηϊδίως· τοίη οἱ ἐγὼν ἐπιτάρροθος ἦα.
σοὶ δʼ ἤτοι μὲν ἐγὼ παρά θʼ ἵσταμαι ἠδὲ φυλάσσω,
καί σε προφρονέως κέλομαι Τρώεσσι μάχεσθαι·
ἀλλά σευ ἢ κάματος πολυᾶϊξ γυῖα δέδυκεν
ἤ νύ σέ που δέος ἴσχει ἀκήριον· οὐ σύ γʼ ἔπειτα
Τυδέος ἔκγονός ἐσσι δαΐφρονος Οἰνεΐδαο.
τὴν δʼ ἀπαμειβόμενος προσέφη κρατερὸς Διομήδης·
γιγνώσκω σε θεὰ θύγατερ Διὸς αἰγιόχοιο·
τώ τοι προφρονέως ἐρέω ἔπος οὐδʼ ἐπικεύσω.
οὔτέ τί με δέος ἴσχει ἀκήριον οὔτέ τις ὄκνος,
ἀλλʼ ἔτι σέων μέμνημαι ἐφετμέων ἃς ἐπέτειλας·","With these words she put heart and soul into them all, while
      Minerva sprang to the side of the son of Tydeus, whom she found
      near his chariot and horses, cooling the wound that Pandarus had
      given him. For the sweat caused by the hand that bore the weight
      of his shield irritated the hurt: his arm was weary with pain,
      and he was lifting up the strap to wipe away the blood. The
      goddess laid her hand on the yoke of his horses and said, “The
      son of Tydeus is not such another as his father. Tydeus was a
      little man, but he could fight, and rushed madly into the fray
      even when I told him not to do so. When he went all unattended as
      envoy to the city of Thebes among the Cadmeans, I bade him feast
      in their houses and be at peace; but with that high spirit which
      was ever present with him, he challenged the youth of the
      Cadmeans, and at once beat them in all that he attempted, so
      mightily did I help him. I stand by you too to protect you, and I
      bid you be instant in fighting the Trojans; but either you are
      tired out, or you are afraid and out of heart, and in that case I
      say that you are no true son of Tydeus the son of Oeneus.”",8c3449bb2b6522f93820f519976ada07a0dfa029c9e5597b455c7b7ac1a1cd48,4ec147676593e007e9cbe6dec965adfead4731454a92ba55330ed25334c963c5,a7ef38f74d3c43a294249f901921449f8c3366d0de0a846f5cd305ebd66f5854,machine_proposed_unreviewed,pending_human_review,no,excluded_until_human_review
homer-iliad-grc-monro-allen-perseus--homer-iliad-en-butler-pg2199--book-05--segment-061,homer-iliad,homer-iliad-grc-monro-allen-perseus,homer-iliad-en-butler-pg2199,5,61,source_line_range_to_translation_paragraph,proportional_translation_paragraph_tokens_v1,5.819,5.828,10,0,61,7734,7824,91,44737,45255,"οὔ μʼ εἴας μακάρεσσι θεοῖς ἀντικρὺ μάχεσθαι
τοῖς ἄλλοις· ἀτὰρ εἴ κε Διὸς θυγάτηρ Ἀφροδίτη
ἔλθῃσʼ ἐς πόλεμον, τήν γʼ οὐτάμεν ὀξέϊ χαλκῷ.
τοὔνεκα νῦν αὐτός τʼ ἀναχάζομαι ἠδὲ καὶ ἄλλους
Ἀργείους ἐκέλευσα ἀλήμεναι ἐνθάδε πάντας·
γιγνώσκω γὰρ Ἄρηα μάχην ἀνὰ κοιρανέοντα.
τὸν δʼ ἠμείβετʼ ἔπειτα θεὰ γλαυκῶπις Ἀθήνη·
Τυδεΐδη Διόμηδες ἐμῷ κεχαρισμένε θυμῷ
μήτε σύ γʼ Ἄρηα τό γε δείδιθι μήτε τινʼ ἄλλον
ἀθανάτων, τοίη τοι ἐγὼν ἐπιτάρροθός εἰμι·","Diomed answered, “I know you, goddess, daughter of aegis-bearing
      Jove, and will hide nothing from you. I am not afraid nor out of
      heart, nor is there any slackness in me. I am only following your
      own instructions; you told me not to fight any of the blessed
      gods; but if Jove’s daughter Venus came into battle I was to
      wound her with my spear. Therefore I am retreating, and bidding
      the other Argives gather in this place, for I know that Mars is
      now lording it in the field.”",8c3449bb2b6522f93820f519976ada07a0dfa029c9e5597b455c7b7ac1a1cd48,4ec147676593e007e9cbe6dec965adfead4731454a92ba55330ed25334c963c5,a7ef38f74d3c43a294249f901921449f8c3366d0de0a846f5cd305ebd66f5854,machine_proposed_unreviewed,pending_human_review,no,excluded_until_human_review
homer-iliad-grc-monro-allen-perseus--homer-iliad-en-butler-pg2199--book-05--segment-062,homer-iliad,homer-iliad-grc-monro-allen-perseus,homer-iliad-en-butler-pg2199,5,62,source_line_range_to_translation_paragraph,proportional_translation_paragraph_tokens_v1,5.829,5.837,9,0,62,7825,7907,83,45263,45771,"ἀλλʼ ἄγʼ ἐπʼ Ἄρηϊ πρώτῳ ἔχε μώνυχας ἵππους,
τύψον δὲ σχεδίην μηδʼ ἅζεο θοῦρον Ἄρηα
τοῦτον μαινόμενον, τυκτὸν κακόν, ἀλλοπρόσαλλον,
ὃς πρῴην μὲν ἐμοί τε καὶ Ἥρῃ στεῦτʼ ἀγορεύων
Τρωσὶ μαχήσεσθαι, ἀτὰρ Ἀργείοισιν ἀρήξειν,
νῦν δὲ μετὰ Τρώεσσιν ὁμιλεῖ, τῶν δὲ λέλασται.
ὣς φαμένη Σθένελον μὲν ἀφʼ ἵππων ὦσε χαμᾶζε,
χειρὶ πάλιν ἐρύσασʼ, ὃ δʼ ἄρʼ ἐμμαπέως ἀπόρουσεν·
ἣ δʼ ἐς δίφρον ἔβαινε παραὶ Διομήδεα δῖον","“Diomed, son of Tydeus,” replied Minerva, “man after my own
      heart, fear neither Mars nor any other of the immortals, for I
      will befriend you. Nay, drive straight at Mars, and smite him in
      close combat; fear not this raging madman, villain incarnate,
      first on one side and then on the other. But now he was holding
      talk with Juno and myself, saying he would help the Argives and
      attack the Trojans; nevertheless he is with the Trojans, and has
      forgotten the Argives.”",8c3449bb2b6522f93820f519976ada07a0dfa029c9e5597b455c7b7ac1a1cd48,4ec147676593e007e9cbe6dec965adfead4731454a92ba55330ed25334c963c5,a7ef38f74d3c43a294249f901921449f8c3366d0de0a846f5cd305ebd66f5854,machine_proposed_unreviewed,pending_human_review,no,excluded_until_human_review
homer-iliad-grc-monro-allen-perseus--homer-iliad-en-butler-pg2199--book-05--segment-063,homer-iliad,homer-iliad-grc-monro-allen-perseus,homer-iliad-en-butler-pg2199,5,63,source_line_range_to_translation_paragraph,proportional_translation_paragraph_tokens_v1,5.838,5.861,24,0,63,7908,8139,232,45779,47135,"ἐμμεμαυῖα θεά· μέγα δʼ ἔβραχε φήγινος ἄξων
βριθοσύνῃ· δεινὴν γὰρ ἄγεν θεὸν ἄνδρά τʼ ἄριστον.
λάζετο δὲ μάστιγα καὶ ἡνία Παλλὰς Ἀθήνη·
αὐτίκʼ ἐπʼ Ἄρηϊ πρώτῳ ἔχε μώνυχας ἵππους.
ἤτοι ὃ μὲν Περίφαντα πελώριον ἐξενάριζεν
Αἰτωλῶν ὄχʼ ἄριστον Ὀχησίου ἀγλαὸν υἱόν·
τὸν μὲν Ἄρης ἐνάριζε μιαιφόνος· αὐτὰρ Ἀθήνη
δῦνʼ Ἄϊδος κυνέην, μή μιν ἴδοι ὄβριμος Ἄρης.
ὡς δὲ ἴδε βροτολοιγὸς Ἄρης Διομήδεα δῖον,
ἤτοι ὃ μὲν Περίφαντα πελώριον αὐτόθʼ ἔασε
κεῖσθαι ὅθι πρῶτον κτείνων ἐξαίνυτο θυμόν,
αὐτὰρ ὃ βῆ ῥʼ ἰθὺς Διομήδεος ἱπποδάμοιο.
οἳ δʼ ὅτε δὴ σχεδὸν ἦσαν ἐπʼ ἀλλήλοισιν ἰόντες,
πρόσθεν Ἄρης ὠρέξαθʼ ὑπὲρ ζυγὸν ἡνία θʼ ἵππων
ἔγχεϊ χαλκείῳ μεμαὼς ἀπὸ θυμὸν ἑλέσθαι·
καὶ τό γε χειρὶ λαβοῦσα θεὰ γλαυκῶπις Ἀθήνη
ὦσεν ὑπὲκ δίφροιο ἐτώσιον ἀϊχθῆναι.
δεύτερος αὖθʼ ὡρμᾶτο βοὴν ἀγαθὸς Διομήδης
ἔγχεϊ χαλκείῳ· ἐπέρεισε δὲ Παλλὰς Ἀθήνη
νείατον ἐς κενεῶνα ὅθι ζωννύσκετο μίτρῃ·
τῇ ῥά μιν οὖτα τυχών, διὰ δὲ χρόα καλὸν ἔδαψεν,
ἐκ δὲ δόρυ σπάσεν αὖτις· ὃ δʼ ἔβραχε χάλκεος Ἄρης
ὅσσόν τʼ ἐννεάχιλοι ἐπίαχον ἢ δεκάχιλοι
ἀνέρες ἐν πολέμῳ ἔριδα ξυνάγοντες Ἄρηος.","With this she caught hold of Sthenelus and lifted him off the
      chariot on to the ground. In a second he was on the ground,
      whereupon the goddess mounted the car and placed herself by the
      side of Diomed. The oaken axle groaned aloud under the burden of
      the awful goddess and the hero; Pallas Minerva took the whip and
      reins, and drove straight at Mars. He was in the act of stripping
      huge Periphas, son of Ochesius and bravest of the Aetolians.
      Bloody Mars was stripping him of his armour, and Minerva donned
      the helmet of Hades, that he might not see her; when, therefore,
      he saw Diomed, he made straight for him and let Periphas lie
      where he had fallen. As soon as they were at close quarters he
      let fly with his bronze spear over the reins and yoke, thinking
      to take Diomed’s life, but Minerva caught the spear in her hand
      and made it fly harmlessly over the chariot. Diomed then threw,
      and Pallas Minerva drove the spear into the pit of Mars’s stomach
      where his under-girdle went round him. There Diomed wounded him,
      tearing his fair flesh and then drawing his spear out again. Mars
      roared as loudly as nine or ten thousand men in the thick of a
      fight, and the Achaeans and Trojans were struck with panic, so
      terrible was the cry he raised.",8c3449bb2b6522f93820f519976ada07a0dfa029c9e5597b455c7b7ac1a1cd48,4ec147676593e007e9cbe6dec965adfead4731454a92ba55330ed25334c963c5,a7ef38f74d3c43a294249f901921449f8c3366d0de0a846f5cd305ebd66f5854,machine_proposed_unreviewed,pending_human_review,no,excluded_until_human_review
homer-iliad-grc-monro-allen-perseus--homer-iliad-en-butler-pg2199--book-05--segment-064,homer-iliad,homer-iliad-grc-monro-allen-perseus,homer-iliad-en-butler-pg2199,5,64,source_line_range_to_translation_paragraph,proportional_translation_paragraph_tokens_v1,5.862,5.885,24,0,64,8140,8366,227,47143,48427,"τοὺς δʼ ἄρʼ ὑπὸ τρόμος εἷλεν Ἀχαιούς τε Τρῶάς τε
δείσαντας· τόσον ἔβραχʼ Ἄρης ἆτος πολέμοιο.
οἵη δʼ ἐκ νεφέων ἐρεβεννὴ φαίνεται ἀὴρ
καύματος ἐξ ἀνέμοιο δυσαέος ὀρνυμένοιο,
τοῖος Τυδεΐδῃ Διομήδεϊ χάλκεος Ἄρης
φαίνεθʼ ὁμοῦ νεφέεσσιν ἰὼν εἰς οὐρανὸν εὐρύν.
καρπαλίμως δʼ ἵκανε θεῶν ἕδος αἰπὺν Ὄλυμπον,
πὰρ δὲ Διὶ Κρονίωνι καθέζετο θυμὸν ἀχεύων,
δεῖξεν δʼ ἄμβροτον αἷμα καταρρέον ἐξ ὠτειλῆς,
καί ῥʼ ὀλοφυρόμενος ἔπεα πτερόεντα προσηύδα·
Ζεῦ πάτερ οὐ νεμεσίζῃ ὁρῶν τάδε καρτερὰ ἔργα;
αἰεί τοι ῥίγιστα θεοὶ τετληότες εἰμὲν
ἀλλήλων ἰότητι, χάριν ἄνδρεσσι φέροντες.
σοὶ πάντες μαχόμεσθα· σὺ γὰρ τέκες ἄφρονα κούρην
οὐλομένην, ᾗ τʼ αἰὲν ἀήσυλα ἔργα μέμηλεν.
ἄλλοι μὲν γὰρ πάντες ὅσοι θεοί εἰσʼ ἐν Ὀλύμπῳ
σοί τʼ ἐπιπείθονται καὶ δεδμήμεσθα ἕκαστος·
ταύτην δʼ οὔτʼ ἔπεϊ προτιβάλλεαι οὔτέ τι ἔργῳ,
ἀλλʼ ἀνιεῖς, ἐπεὶ αὐτὸς ἐγείναο παῖδʼ ἀΐδηλον·
ἣ νῦν Τυδέος υἱὸν ὑπερφίαλον Διομήδεα
μαργαίνειν ἀνέηκεν ἐπʼ ἀθανάτοισι θεοῖσι.
Κύπριδα μὲν πρῶτον σχεδὸν οὔτασε χεῖρʼ ἐπὶ καρπῷ,
αὐτὰρ ἔπειτʼ αὐτῷ μοι ἐπέσσυτο δαίμονι ἶσος·
ἀλλά μʼ ὑπήνεικαν ταχέες πόδες· ἦ τέ κε δηρὸν","As a dark cloud in the sky when it comes on to blow after heat,
      even so did Diomed son of Tydeus see Mars ascend into the broad
      heavens. With all speed he reached high Olympus, home of the
      gods, and in great pain sat down beside Jove the son of Saturn.
      He showed Jove the immortal blood that was flowing from his
      wound, and spoke piteously, saying, “Father Jove, are you not
      angered by such doings? We gods are continually suffering in the
      most cruel manner at one another’s hands while helping mortals;
      and we all owe you a grudge for having begotten that mad
      termagant of a daughter, who is always committing outrage of some
      kind. We other gods must all do as you bid us, but her you
      neither scold nor punish; you encourage her because the pestilent
      creature is your daughter. See how she has been inciting proud
      Diomed to vent his rage on the immortal gods. First he went up to
      the Cyprian and wounded her in the hand near her wrist, and then
      he sprang upon me too as though he were a god. Had I not run for
      it I must either have lain there for long enough in torments
      among the ghastly corpses, or have been eaten alive with spears
      till I had no more strength left in me.”",8c3449bb2b6522f93820f519976ada07a0dfa029c9e5597b455c7b7ac1a1cd48,4ec147676593e007e9cbe6dec965adfead4731454a92ba55330ed25334c963c5,a7ef38f74d3c43a294249f901921449f8c3366d0de0a846f5cd305ebd66f5854,machine_proposed_unreviewed,pending_human_review,no,excluded_until_human_review
homer-iliad-grc-monro-allen-perseus--homer-iliad-en-butler-pg2199--book-05--segment-065,homer-iliad,homer-iliad-grc-monro-allen-perseus,homer-iliad-en-butler-pg2199,5,65,source_line_range_to_translation_paragraph,proportional_translation_paragraph_tokens_v1,5.886,5.898,13,0,65,8367,8486,120,48435,49096,"αὐτοῦ πήματʼ ἔπασχον ἐν αἰνῇσιν νεκάδεσσιν,
ἤ κε ζὼς ἀμενηνὸς ἔα χαλκοῖο τυπῇσι.
τὸν δʼ ἄρʼ ὑπόδρα ἰδὼν προσέφη νεφεληγερέτα Ζεύς.
μή τί μοι ἀλλοπρόσαλλε παρεζόμενος μινύριζε.
ἔχθιστος δέ μοί ἐσσι θεῶν οἳ Ὄλυμπον ἔχουσιν·
αἰεὶ γάρ τοι ἔρις τε φίλη πόλεμοί τε μάχαι τε.
μητρός τοι μένος ἐστὶν ἀάσχετον οὐκ ἐπιεικτὸν
Ἥρης· τὴν μὲν ἐγὼ σπουδῇ δάμνημʼ ἐπέεσσι·
τώ σʼ ὀΐω κείνης τάδε πάσχειν ἐννεσίῃσιν.
ἀλλʼ οὐ μάν σʼ ἔτι δηρὸν ἀνέξομαι ἄλγεʼ ἔχοντα·
ἐκ γὰρ ἐμεῦ γένος ἐσσί, ἐμοὶ δέ σε γείνατο μήτηρ·
εἰ δέ τευ ἐξ ἄλλου γε θεῶν γένευ ὧδʼ ἀΐδηλος
καί κεν δὴ πάλαι ἦσθα ἐνέρτερος Οὐρανιώνων.","Jove looked angrily at him and said, “Do not come whining here,
      Sir Facing-both-ways. I hate you worst of all the gods in
      Olympus, for you are ever fighting and making mischief. You have
      the intolerable and stubborn spirit of your mother Juno: it is
      all I can do to manage her, and it is her doing that you are now
      in this plight: still, I cannot let you remain longer in such
      great pain; you are my own offspring, and it was by me that your
      mother conceived you; if, however, you had been the son of any
      other god, you are so destructive that by this time you should
      have been lying lower than the Titans.”",8c3449bb2b6522f93820f519976ada07a0dfa029c9e5597b455c7b7ac1a1cd48,4ec147676593e007e9cbe6dec965adfead4731454a92ba55330ed25334c963c5,a7ef38f74d3c43a294249f901921449f8c3366d0de0a846f5cd305ebd66f5854,machine_proposed_unreviewed,pending_human_review,no,excluded_until_human_review
homer-iliad-grc-monro-allen-perseus--homer-iliad-en-butler-pg2199--book-05--segment-066,homer-iliad,homer-iliad-grc-monro-allen-perseus,homer-iliad-en-butler-pg2199,5,66,source_line_range_to_translation_paragraph,proportional_translation_paragraph_tokens_v1,5.899,5.906,8,0,66,8487,8561,75,49104,49532,"ὣς φάτο, καὶ Παιήονʼ ἀνώγειν ἰήσασθαι.
τῷ δʼ ἐπὶ Παιήων ὀδυνήφατα φάρμακα πάσσων
ἠκέσατʼ· οὐ μὲν γάρ τι καταθνητός γʼ ἐτέτυκτο.
ὡς δʼ ὅτʼ ὀπὸς γάλα λευκὸν ἐπειγόμενος συνέπηξεν
ὑγρὸν ἐόν, μάλα δʼ ὦκα περιτρέφεται κυκόωντι,
ὣς ἄρα καρπαλίμως ἰήσατο θοῦρον Ἄρηα.
τὸν δʼ Ἥβη λοῦσεν, χαρίεντα δὲ εἵματα ἕσσε·
πὰρ δὲ Διὶ Κρονίωνι καθέζετο κύδεϊ γαίων.","He then bade Paeeon heal him, whereon Paeeon spread pain-killing
      herbs upon his wound and cured him, for he was not of mortal
      mould. As the juice of the fig-tree curdles milk, and thickens it
      in a moment though it is liquid, even so instantly did Paeeon
      cure fierce Mars. Then Hebe washed him, and clothed him in goodly
      raiment, and he took his seat by his father Jove all glorious to
      behold.",8c3449bb2b6522f93820f519976ada07a0dfa029c9e5597b455c7b7ac1a1cd48,4ec147676593e007e9cbe6dec965adfead4731454a92ba55330ed25334c963c5,a7ef38f74d3c43a294249f901921449f8c3366d0de0a846f5cd305ebd66f5854,machine_proposed_unreviewed,pending_human_review,no,excluded_until_human_review
homer-iliad-grc-monro-allen-perseus--homer-iliad-en-butler-pg2199--book-05--segment-067,homer-iliad,homer-iliad-grc-monro-allen-perseus,homer-iliad-en-butler-pg2199,5,67,source_line_range_to_translation_paragraph,proportional_translation_paragraph_tokens_v1,5.907,5.909,3,0,67,8562,8590,29,49540,49696,"αἳ δʼ αὖτις πρὸς δῶμα Διὸς μεγάλοιο νέοντο
Ἥρη τʼ Ἀργείη καὶ Ἀλαλκομενηῒς Ἀθήνη
παύσασαι βροτολοιγὸν Ἄρηʼ ἀνδροκτασιάων.","But Juno of Argos and Minerva of Alalcomene, now that they had
      put a stop to the murderous doings of Mars, went back again to
      the house of Jove.",8c3449bb2b6522f93820f519976ada07a0dfa029c9e5597b455c7b7ac1a1cd48,4ec147676593e007e9cbe6dec965adfead4731454a92ba55330ed25334c963c5,a7ef38f74d3c43a294249f901921449f8c3366d0de0a846f5cd305ebd66f5854,machine_proposed_unreviewed,pending_human_review,no,excluded_until_human_review
